flightNumber,airline,tailNumber,year,month,day,dayOfTheWeek,originAirport,destinationAirport,departureDelay,cancelled
98,AS,N407AS,2015,5,28,7,ANC,SEA,-11,0
2336,AA,N3KUAA,2015,4,1,5,LAX,PBI,-8,0
840,US,N171US,2015,12,18,7,SFO,CLT,-2,0
258,AA,N3HYAA,2015,1,6,5,LAX,MIA,-5,0
135,AS,N527AS,2015,2,7,1,SEA,ANC,-1,0
806,DL,N3730B,2015,9,16,7,SFO,MSP,-5,0
612,NK,N635NK,2015,6,5,2,LAS,MSP,-6,0
2013,US,N584UW,2015,8,25,4,LAX,CLT,14,0
1112,AA,N3LAAA,2015,6,21,3,SFO,DFW,-11,0
1173,DL,N826DN,2015,11,11,2,LAS,ATL,3,0
1674,DL,N958DN,2015,8,16,6,DEN,ATL,-6,0
1434,AA,N853AA,2015,11,8,1,LAS,MIA,-8,0
2324,DL,N547US,2015,7,7,4,LAX,MSP,0,0
2440,DL,N3751B,2015,10,18,4,SLC,ATL,-6,0
108,DL,N651DL,2015,7,20,7,SEA,MSP,-1,0
1560,AS,N309AS,2015,12,11,6,ANC,SEA,-4,0
1197,DL,N3743H,2015,2,1,6,ANC,SEA,-14,0
122,UA,N78448,2015,10,5,1,SFO,IAH,-6,0
1670,AS,N413AS,2015,6,8,3,ANC,PDX,-4,0
520,DL,N806DN,2015,12,31,1,PDX,MSP,-5,0
371,NK,N525NK,2015,4,26,6,LAS,MCI,25,0
214,AA,N3GXAA,2015,3,10,3,SEA,MIA,-8,0
115,NK,N632NK,2015,5,20,6,LAS,DFW,-1,0
1450,AA,N3CTAA,2015,5,25,2,LAX,MIA,-2,0
1545,DL,N671DN,2015,1,21,5,LAS,MSP,-3,0
130,UA,N76517,2015,8,3,3,LAX,IAH,-3,0
597,AS,N457AS,2015,4,3,5,FAI,SEA,-8,0
413,NK,N528NK,2015,3,31,1,MSP,FLL,12,0
2392,US,N571UW,2015,8,28,4,LAS,CLT,-10,0
168,AA,N3HRAA,2015,4,6,2,DEN,MIA,21,0
2211,NK,N629NK,2015,4,23,7,PHX,ORD,72,0
136,AA,N3CGAA,2015,2,17,2,PHX,MIA,-11,0
95,AS,N431AS,2015,1,1,7,ANC,SEA,,1
298,DL,N320US,2015,10,5,6,SLC,ATL,-6,0
17,NK,N514NK,2015,7,23,3,LAS,IAH,-4,0
617,HA,N389HA,2015,8,19,1,LAS,HNL,0,0
1528,US,N804AW,2015,10,25,3,ANC,PHX,-9,0
134,UA,N76519,2015,11,11,3,SJU,EWR,3,0
304,AS,N464AS,2015,1,15,2,ANC,SEA,-15,0
451,B6,N607JB,2015,10,18,2,SJU,JFK,-2,0
972,NK,N633NK,2015,6,3,6,PBG,FLL,-16,0
2459,NK,N606NK,2015,7,25,4,PHX,DFW,-1,0
144,AA,N3BDAA,2015,3,7,2,PHX,DFW,,1
647,AS,N514AS,2015,11,3,5,ANC,PDX,-10,0
1990,NK,N630NK,2015,7,25,2,IAG,FLL,-5,0
699,B6,N597JB,2015,8,21,1,SJU,EWR,-14,0
114,US,N172US,2015,5,21,6,PHX,CLT,-11,0
668,AS,N303AS,2015,10,12,1,ANC,SEA,-11,0
1162,B6,N653JB,2015,4,17,6,PSE,MCO,-7,0
1030,UA,N37293,2015,12,21,5,BQN,EWR,-1,0
262,B6,N239JB,2015,9,18,4,BQN,MCO,-3,0
2134,B6,N627JB,2015,1,10,4,SJU,BOS,-14,0
730,B6,N307JB,2015,7,30,3,SJU,MCO,95,0
768,B6,N621JB,2015,3,25,6,BQN,MCO,4,0
2276,B6,N317JB,2015,6,29,5,PSE,MCO,-11,0
602,B6,N646JB,2015,9,12,3,SJU,BDL,72,0
695,US,N197UW,2015,3,19,6,ORD,PHX,-1,0
102,AS,N607AS,2015,9,22,2,GEG,SEA,-4,0
5467,HA,N492HA,2015,3,24,6,HNL,ITO,-8,0
206,OO,N701BR,2015,4,1,1,ONT,SFO,13,0
1500,HA,N476HA,2015,11,21,1,HNL,KOA,-1,0
1323,AS,N423AS,2015,10,29,7,ANC,SEA,-8,0
103,HA,N484HA,2015,10,7,5,HNL,OGG,-11,0
7404,UA,N30401,2015,3,30,7,ORD,IAH,4,0
7419,AA,N3CXAA,2015,4,16,5,MCO,MIA,-3,0
5254,NK,N616NK,2015,12,6,1,BOS,MYR,-4,0
480,OO,N8982A,2015,5,10,6,HIB,MSP,-10,0
1057,OO,N445SW,2015,7,16,2,ABR,MSP,-2,0
2454,OO,N746SK,2015,3,29,7,MAF,IAH,,1
4354,US,N676AW,2015,11,20,5,SEA,PHX,-5,0
425,AA,N3ASAA,2015,6,6,1,DFW,MIA,108,0
89,AA,N3ETAA,2015,4,14,5,BOS,MIA,-5,0
2099,EV,N12142,2015,9,30,3,MKE,IAH,2,0
4685,US,N174US,2015,9,26,7,PDX,PHX,60,0
5583,AA,N3KVAA,2015,2,26,1,IAH,MIA,58,0
5484,DL,N355NW,2015,3,16,2,BNA,DTW,-9,0
7370,EV,N26545,2015,3,27,6,BRO,IAH,-3,0
5187,EV,N882AS,2015,1,30,3,VPS,ATL,-6,0
2859,OO,N824AS,2015,12,12,5,BOI,SFO,5,0
1201,OO,N432SW,2015,12,2,7,BJI,MSP,-3,0
1221,HA,N477HA,2015,3,9,6,HNL,LIH,-10,0
1607,EV,N720EV,2015,11,8,5,BNA,ATL,0,0
328,MQ,N660MQ,2015,1,10,6,SGF,DFW,,1
5764,UA,N79521,2015,3,27,5,PHL,IAH,2,0
1279,UA,N37281,2015,8,10,7,PDX,DEN,4,0
409,UA,N36476,2015,2,27,4,SEA,DEN,-1,0
5460,AA,N4XKAA,2015,7,9,7,DEN,DFW,53,0
6391,EV,N832AS,2015,2,7,4,SBN,ORD,-3,0
1532,F9,N918FR,2015,4,27,6,PHL,MCO,-4,0
1167,NK,N509NK,2015,7,27,3,ORD,FLL,-4,0
1012,OO,N583SW,2015,8,29,2,RDD,SFO,,1
2001,OO,N593ML,2015,1,13,1,EUG,DEN,-4,0
2807,UA,N77066,2015,10,12,6,SFO,DEN,19,0
2023,UA,N66837,2015,12,26,2,ORD,DEN,7,0
4557,UA,N17245,2015,10,11,1,IAD,IAH,6,0
5241,B6,N358JB,2015,1,6,1,BUF,JFK,-5,0
5498,B6,N190JB,2015,12,8,6,PWM,JFK,-7,0
6512,B6,N324JB,2015,10,27,5,JFK,SJU,43,0
1577,EV,N12967,2015,9,18,6,CRP,IAH,-12,0
4986,EV,N849AS,2015,8,31,3,PIA,DTW,-5,0
727,EV,N132EV,2015,2,2,1,ORD,DTW,15,0
824,OO,N925SW,2015,8,12,6,FAT,LAX,-5,0
941,UA,N69813,2015,8,3,4,SMF,DEN,56,0
2079,OO,N719SK,2015,2,14,7,AUS,LAX,-3,0
3268,B6,N292JB,2015,3,4,1,BOS,BWI,-4,0
4160,B6,N375JB,2015,5,1,5,ORD,BOS,-11,0
6285,DL,N3736C,2015,6,20,1,PHX,DTW,148,0
5184,DL,N910DN,2015,10,16,3,MCI,ATL,6,0
6358,DL,N389DA,2015,6,22,7,BOS,DTW,-3,0
161,EV,N14998,2015,6,30,3,ATL,IAD,16,0
4833,EV,N11150,2015,11,28,2,JAX,EWR,-9,0
1119,OO,N962SW,2015,12,20,5,MFR,DEN,-2,0
1237,OO,N776SK,2015,12,23,5,SLC,IAH,-3,0
1540,OO,N926SW,2015,12,4,2,IDA,DEN,-2,0
1433,F9,N905FR,2015,3,11,4,MSN,DEN,-10,0
2299,OO,N554CA,2015,12,13,1,MKE,DTW,-2,0
721,UA,N69810,2015,4,20,7,GEG,DEN,-3,0
917,UA,N65832,2015,4,31,2,SEA,IAH,-4,0
939,UA,N78509,2015,2,9,1,DCA,IAH,5,0
1890,AA,N4YNAA,2015,12,3,7,SAT,DFW,-6,0
4646,AA,N3LLAA,2015,2,20,5,JFK,MIA,55,0
365,B6,N623JB,2015,12,25,5,BOS,PBI,6,0
117,B6,N606JB,2015,6,5,2,BOS,JFK,-2,0
2926,B6,N794JB,2015,8,12,4,JFK,BQN,0,0
2599,DL,N377DA,2015,4,12,3,DFW,ATL,18,0
5482,EV,N29917,2015,10,11,5,CHS,EWR,-5,0
6457,F9,N218FR,2015,2,26,5,MKE,DEN,36,0
218,F9,N933FR,2015,7,23,5,MSP,DEN,-7,0
515,MQ,N932MQ,2015,6,2,1,CHS,DFW,,1
228,OO,N435SW,2015,1,2,1,DEN,LAX,73,0
641,OO,N934SW,2015,7,21,4,SBA,DEN,-3,0
495,OO,N560SW,2015,3,20,7,SMX,LAX,,1
507,HA,N485HA,2015,11,8,3,HNL,KOA,-8,0
1553,B6,N337JB,2015,2,23,7,BOS,BUF,-9,0
403,UA,N439UA,2015,6,17,1,PDX,EWR,-3,0
446,US,N650AW,2015,5,11,1,IND,PHX,-5,0
1178,UA,N548UA,2015,11,22,5,LAX,DEN,0,0
2410,UA,N808UA,2015,12,21,7,CLE,IAH,39,0
2453,UA,N37290,2015,9,5,3,BOS,EWR,2,0
2228,US,N660AW,2015,10,8,1,DEN,PHX,0,0
4555,US,N651AW,2015,6,4,2,MCI,PHX,-6,0
5698,AA,N573AA,2015,10,3,4,AUS,DFW,-2,0
3534,AA,N3BAAA,2015,3,1,1,LAX,DFW,10,0
4339,DL,N966DL,2015,5,9,4,GSP,ATL,0,0
6204,B6,N231JB,2015,9,8,4,MCO,EWR,-2,0
6261,EV,N13133,2015,3,21,3,MCI,IAH,-2,0
5160,EV,N835AS,2015,1,22,6,BDL,IAD,-7,0
6224,MQ,N925MQ,2015,12,21,7,ABI,DFW,,1
860,EV,N14179,2015,9,29,3,RIC,IAH,-2,0
5230,OO,N917SW,2015,10,25,4,BFL,DEN,6,0
526,OO,N107SY,2015,2,9,2,SAT,SFO,7,0
1222,OO,N794SK,2015,8,10,1,OMA,IAH,15,0
1507,OO,N956SW,2015,5,31,7,RDM,DEN,-1,0
1094,B6,N656JB,2015,11,30,6,FLL,BDL,-2,0
1233,EV,N181PQ,2015,4,17,3,CID,ATL,0,0
185,WN,N742SW,2015,4,1,3,SFO,DEN,-2,0
2519,UA,N68452,2015,5,26,1,MCO,LAX,2,0
3928,UA,N31412,2015,3,22,5,TPA,EWR,-6,0
3941,AA,N3DXAA,2015,9,6,6,SEA,DFW,0,0
5976,AA,N3HXAA,2015,9,2,7,BOS,DFW,-4,0
3161,B6,N284JB,2015,7,23,5,SYR,JFK,-5,0
5677,B6,N334JB,2015,1,7,2,ROC,JFK,-5,0
224,EV,N905EV,2015,6,4,7,TYR,DFW,-9,0
1457,EV,N11140,2015,1,28,4,MCI,ORD,-1,0
1205,EV,N16561,2015,8,18,6,LAN,ORD,0,0
5547,EV,N27200,2015,11,16,2,BUF,EWR,213,0
210,MQ,N5PBMQ,2015,4,27,7,XNA,DFW,,1
247,EV,N12563,2015,8,27,3,GSO,EWR,-18,0
256,NK,N607NK,2015,7,9,6,ORD,LGA,-9,0
319,UA,N76529,2015,5,16,3,LAX,IAH,-2,0
374,AA,N3FKAA,2015,7,24,3,EWR,MIA,-7,0
635,OO,N910SW,2015,10,2,3,ONT,DEN,119,0
646,UA,N830UA,2015,1,31,3,MSP,DEN,-4,0
1941,UA,N454UA,2015,3,29,3,PBI,IAH,-5,0
422,UA,N462UA,2015,6,15,4,PHX,IAH,111,0
544,UA,N464UA,2015,8,20,4,RSW,IAH,0,0
1016,UA,N498UA,2015,5,16,7,EWR,MCO,3,0
4122,UA,N415UA,2015,6,23,2,OMA,ORD,12,0
4822,US,N544UW,2015,2,7,7,SMF,PHX,-9,0
2215,US,N654AW,2015,8,26,3,OAK,PHX,-2,0
676,US,N708UW,2015,7,29,1,PVD,CLT,-5,0
2787,UA,N847UA,2015,5,26,4,RNO,DEN,-3,0
4859,UA,N831UA,2015,2,16,3,PIT,IAH,22,0
1158,UA,N68807,2015,9,3,1,DEN,IAH,-8,0
1163,WN,N486WN,2015,2,10,7,BOS,BWI,-4,0
1188,WN,N293WN,2015,5,9,6,LAS,BWI,2,0
1198,WN,N249WN,2015,2,18,3,ABQ,HOU,7,0
1224,WN,N630WN,2015,4,11,4,PHX,SLC,1,0
1296,WN,N910WN,2015,5,4,4,PIT,FLL,-1,0
1431,WN,N8641B,2015,7,6,2,PVD,BWI,6,0
1637,WN,N768SW,2015,7,29,4,SFO,ATL,-6,0
1735,UA,N73445,2015,9,10,7,SFO,ORD,-3,0
410,UA,N24224,2015,10,21,3,MCO,EWR,-5,0
459,UA,N68822,2015,8,26,7,PDX,IAH,13,0
610,UA,N38451,2015,2,29,2,BOS,ORD,-3,0
72,UA,N87531,2015,1,25,7,SFO,LAX,5,0
196,UA,N37471,2015,12,17,1,SAT,LAX,16,0
175,UA,N36207,2015,9,6,7,BOS,LAX,3,0
281,UA,N33294,2015,8,14,5,SEA,EWR,6,0
233,UA,N66814,2015,9,1,7,LAX,ORD,7,0
1100,US,N765US,2015,11,19,6,IAH,PHX,-7,0
1103,US,N536UW,2015,11,5,3,MCO,PHX,-3,0
1028,US,N560UW,2015,5,24,5,SFO,PHX,-3,0
1039,AA,N5EKAA,2015,6,15,5,DFW,MCO,6,0
1055,AA,N3FBAA,2015,1,18,2,MIA,PHL,4,0
1180,AA,N4XHAA,2015,7,19,2,SLC,DFW,1,0
1345,AA,N3EWAA,2015,10,11,4,DCA,DFW,,1
1297,AA,N3FXAA,2015,12,1,6,MIA,DFW,-1,0
1411,AA,N3BEAA,2015,10,3,2,BWI,MIA,43,0
1084,AA,N3GWAA,2015,11,16,5,DFW,LGA,-6,0
1088,AA,N3HCAA,2015,9,21,5,LGA,DFW,,1
1534,AA,N3BFAA,2015,2,8,3,DEN,ORD,1,0
1573,AA,N541AA,2015,10,20,1,MCI,DFW,6,0
1660,AA,N573AA,2015,7,19,5,MCO,DFW,,1
2204,AA,N3AYAA,2015,12,24,2,SFO,DFW,,1
1515,AA,N439AA,2015,5,30,5,TUL,DFW,-4,0
2307,AA,N3JYAA,2015,5,26,6,LGA,MIA,68,0
2363,AA,N585AA,2015,8,13,3,LIT,DFW,-5,0
81,AA,N3GFAA,2015,7,4,6,MIA,LGA,-2,0
162,AA,N201AA,2015,12,22,4,LAS,DFW,-3,0
200,AA,N4YPAA,2015,5,14,1,PDX,DFW,-4,0
342,AA,N467AA,2015,9,23,4,TPA,DFW,-6,0
406,AA,N567AA,2015,12,12,6,SMF,DFW,11,0
477,AA,N3GKAA,2015,9,21,4,MSY,MIA,-5,0
631,AA,N3HMAA,2015,1,17,1,LAX,ORD,-3,0
683,AA,N505AA,2015,7,15,2,OMA,DFW,-6,0
154,AA,N560AA,2015,7,12,6,OKC,DFW,10,0
353,AS,N577AS,2015,7,28,1,SEA,ANC,-3,0
226,AS,N792AS,2015,6,30,2,FAI,ANC,-16,0
272,AS,N767AS,2015,10,5,4,SEA,SJC,-10,0
447,AS,N440AS,2015,11,21,3,SEA,OAK,-5,0
583,AS,N589AS,2015,10,29,2,PDX,SJC,-5,0
605,AS,N453AS,2015,7,10,6,LAX,SEA,-5,0
525,AS,N512AS,2015,7,14,6,PHX,SEA,-5,0
746,AS,N618AS,2015,10,13,7,DEN,SEA,-11,0
776,AS,N532AS,2015,2,29,1,GEG,SEA,-2,0
794,B6,N510JB,2015,3,18,6,RSW,JFK,-3,0
838,B6,N536JB,2015,4,21,3,PBI,JFK,-1,0
892,B6,N570JB,2015,10,25,4,JFK,PBI,-6,0
1678,B6,N648JB,2015,7,15,6,TPA,JFK,-7,0
1790,B6,N556JB,2015,9,7,1,FLL,LGA,-1,0
421,B6,N527JB,2015,12,14,1,OAK,LGB,-8,0
731,B6,N708JB,2015,12,28,5,LGA,FLL,0,0
743,B6,N531JB,2015,11,19,1,JFK,MCO,-3,0
750,B6,N766JB,2015,10,11,6,EWR,FLL,-4,0
809,B6,N645JB,2015,3,28,3,JFK,TPA,-6,0
904,B6,N587JB,2015,4,6,5,PSE,JFK,-3,0
977,B6,N236JB,2015,11,26,1,MSY,JFK,-10,0
1098,B6,N519JB,2015,6,23,7,AUS,JFK,-1,0
1234,B6,N715JB,2015,11,8,4,BQN,JFK,1,0
1235,B6,N598JB,2015,6,23,4,TPA,BOS,-6,0
1462,B6,N618JB,2015,4,6,1,JAX,JFK,0,0
913,B6,N203JB,2015,4,29,3,DCA,BOS,-3,0
1961,DL,N967DL,2015,4,31,7,JFK,ATL,5,0
2154,DL,N323NB,2015,9,8,3,LGA,DTW,4,0
2282,DL,N341NW,2015,1,16,1,RNO,SLC,0,0
2417,DL,N995AT,2015,8,9,1,BOS,JFK,-4,0
1574,DL,N931DN,2015,10,28,3,BOS,MSP,0,0
1700,DL,N3748Y,2015,9,23,7,LGA,ATL,1,0
1867,DL,N988DL,2015,5,7,5,ORD,ATL,2,0
1937,DL,N682DA,2015,4,24,2,ANC,MSP,-3,0
159,DL,N966AT,2015,11,31,6,ATW,ATL,1,0
198,DL,N612DL,2015,4,18,2,PHX,ATL,124,0
1502,DL,N912DE,2015,1,22,1,PNS,ATL,-6,0
1504,DL,N358NW,2015,3,28,5,MCO,SLC,-6,0
1600,AA,N547AA,2015,7,4,2,ONT,DFW,,1
2533,AA,N3JVAA,2015,4,16,5,DCA,MIA,5,0
4213,DL,N947DN,2015,4,11,4,RIC,ATL,-6,0
4431,DL,N813DN,2015,10,1,7,LAX,ATL,-1,0
4411,DL,N974DL,2015,9,1,7,BOS,ATL,-2,0
4756,DL,N554NW,2015,4,30,1,LAS,DTW,-1,0
4768,DL,N903DE,2015,8,12,4,OKC,ATL,-10,0
4740,DL,N532US,2015,6,2,4,MCO,MSP,-10,0
5103,DL,N952DL,2015,8,22,5,MEM,ATL,17,0
5275,DL,N934AT,2015,11,12,4,TUL,ATL,-5,0
5491,DL,N905DA,2015,7,1,6,BWI,DTW,-9,0
5978,B6,N193JB,2015,6,19,6,BOS,PHL,-6,0
5917,B6,N523JB,2015,9,10,4,MCO,LGA,-3,0
6133,B6,N535JB,2015,6,3,6,FLL,JFK,10,0
6082,B6,N640JB,2015,10,25,2,SJU,JFK,27,0
6122,B6,N351JB,2015,8,8,2,BOS,DCA,-8,0
6143,EV,N906EV,2015,7,29,6,TYS,DFW,-1,0
865,EV,N17560,2015,1,9,4,MHT,ORD,-5,0
1256,EV,N14158,2015,6,22,7,SAV,EWR,86,0
1104,EV,N14568,2015,10,21,2,MEM,EWR,-8,0
1056,EV,N13908,2015,4,4,3,CLT,ORD,-1,0
901,EV,N16987,2015,9,29,7,TYS,IAD,-7,0
902,EV,N11107,2015,11,5,6,GRB,ORD,-4,0
202,EV,N846AS,2015,9,9,3,ABE,DTW,-8,0
2898,EV,N861AS,2015,7,12,4,JAN,ATL,-1,0
2957,EV,N838AS,2015,2,21,3,OAJ,ATL,-8,0
2962,EV,N21129,2015,9,30,6,FAR,ORD,3,0
3014,EV,N13997,2015,12,16,1,JAN,ORD,-4,0
3015,EV,N12996,2015,2,7,5,ERI,ORD,16,0
3079,EV,N12122,2015,10,6,2,ATW,ORD,0,0
3189,EV,N16559,2015,5,17,6,LEX,ORD,-4,0
3302,EV,N12921,2015,1,2,4,CWA,ORD,-10,0
3338,F9,N28181,2015,6,27,6,MSO,DEN,,1
3350,F9,N28282,2015,10,28,5,ORD,MIA,,1
3355,F9,N211FR,2015,8,1,6,CLE,FLL,-4,0
3251,F9,N919FR,2015,2,23,3,IAH,SFO,-8,0
3377,F9,N924FR,2015,10,3,5,SEA,DEN,5,0
3441,F9,N929FR,2015,5,9,4,SFO,IAH,-8,0
3540,F9,N939FR,2015,7,8,3,TTN,ATL,-3,0
3488,F9,N949FR,2015,6,29,2,ATL,TTN,19,0
3597,HA,N491HA,2015,7,13,4,HNL,ITO,-7,0
3611,MQ,N514MQ,2015,6,28,1,MAF,DFW,,1
3678,MQ,N504MQ,2015,3,25,2,AMA,DFW,,1
188,MQ,N609MQ,2015,2,23,5,CLL,DFW,,1
925,MQ,N908MQ,2015,12,1,4,HOU,DFW,,1
943,MQ,N825MQ,2015,7,15,3,DFW,BTR,,1
316,MQ,N646MQ,2015,2,19,5,JLN,DFW,,1
2622,MQ,N532MQ,2015,11,30,5,CID,DFW,,1
6360,MQ,N649MQ,2015,9,21,2,MLI,DFW,,1
6369,MQ,N925MQ,2015,1,20,7,GSP,DFW,,1
5330,MQ,N830MQ,2015,3,29,2,RDU,JFK,-5,0
5292,MQ,N618MQ,2015,7,8,3,CVG,MIA,-4,0
6276,MQ,N615MQ,2015,5,14,3,MHK,DFW,,1
6235,MQ,N631MQ,2015,3,23,5,MOB,DFW,,1
3489,MQ,N698MQ,2015,1,23,3,TLH,DFW,,1
3461,MQ,N602MQ,2015,9,29,3,PNS,MIA,-5,0
7423,MQ,N620MQ,2015,1,16,3,BHM,MIA,0,0
5318,MQ,N612MQ,2015,5,3,4,CVG,DFW,,1
5445,MQ,N902MQ,2015,2,29,6,CAE,DFW,,1
5242,MQ,N625MQ,2015,10,22,3,TXK,DFW,,1
5462,NK,N505NK,2015,7,8,3,OAK,LAS,-9,0
5466,NK,N634NK,2015,5,26,5,DFW,OAK,0,0
5550,NK,N605NK,2015,5,12,6,ACY,RSW,102,0
5574,NK,N601NK,2015,10,9,1,DTW,LGA,-2,0
3221,NK,N606NK,2015,12,12,1,DFW,FLL,3,0
3224,OO,N492SW,2015,3,18,4,SMF,LAX,-9,0
5522,OO,N952SW,2015,9,4,6,RAP,DEN,0,0
5592,OO,N763SK,2015,9,24,7,TUS,SFO,4,0
5604,OO,N652BR,2015,12,11,3,EAU,ORD,-8,0
5170,OO,N971SW,2015,8,25,7,DLH,ORD,-4,0
5429,OO,N715SK,2015,3,19,3,FSD,ORD,-3,0
5435,OO,N114SY,2015,5,28,5,AUS,SFO,-4,0
6378,OO,N227AG,2015,1,21,1,FAT,SEA,-3,0
6401,OO,N223AG,2015,3,20,6,ONT,PDX,-10,0
6332,OO,N427SW,2015,5,2,7,INL,BRD,-10,0
6346,OO,N946SW,2015,2,11,5,CMX,ORD,,1
6465,OO,N579SW,2015,12,29,2,SMF,SFO,,1
7392,OO,N744SK,2015,11,13,6,BOI,LAX,39,0
6403,OO,N929EV,2015,6,5,5,SPI,ORD,4,0
6497,OO,N568SW,2015,10,21,5,CLD,LAX,54,0
576,OO,N594SW,2015,11,11,1,COD,DEN,-1,0
1410,OO,N563SW,2015,10,28,1,FAT,SFO,0,0
1689,MQ,N682MQ,2015,7,24,6,CMH,MIA,-5,0
6020,MQ,N631MQ,2015,11,16,3,LRD,DFW,,1
113,OO,N796SK,2015,7,27,4,PSC,DEN,1,0
5629,OO,N494CA,2015,6,17,3,CPR,DEN,4,0
6420,OO,N292SW,2015,10,9,3,ACV,SFO,-10,0
223,OO,N791SK,2015,11,10,3,DAL,IAH,22,0
996,OO,N958SW,2015,2,27,2,PAH,ORD,-9,0
1721,OO,N976SW,2015,2,13,4,PSC,SFO,-4,0
4390,OO,N767SK,2015,1,18,5,CID,ORD,10,0
5732,OO,N740SK,2015,8,18,6,EUG,SFO,-3,0
756,OO,N708SK,2015,3,16,7,DFW,DEN,-4,0
234,OO,N291SW,2015,7,24,5,MRY,SFO,-5,0
415,OO,N495CA,2015,2,12,4,SLC,LAX,4,0
829,OO,N438SW,2015,7,17,1,ESC,DTW,-2,0
1743,OO,N983SW,2015,6,31,4,MFR,SFO,-3,0
1023,OO,N913SW,2015,6,22,4,FAT,DEN,-1,0
2505,UA,N817UA,2015,10,26,7,SFO,EWR,-9,0
239,UA,N76523,2015,3,11,7,LAS,IAH,0,0
474,UA,N39461,2015,1,4,5,EWR,SFO,1,0
1245,EV,N11121,2015,1,4,2,ISN,DEN,-2,0
560,HA,N486HA,2015,6,9,1,HNL,LIH,-4,0
310,OO,N726SK,2015,6,24,4,PSP,SFO,31,0
375,OO,N924SW,2015,9,13,3,PSP,DEN,131,0
378,UA,N816UA,2015,5,10,3,SAT,IAH,8,0
1291,UA,N406UA,2015,9,25,4,LAX,EWR,0,0
320,UA,N75425,2015,1,12,4,LAX,SFO,-2,0
601,EV,N15986,2015,4,25,7,CLE,IAD,-5,0
735,EV,N833AS,2015,11,27,4,CAE,IAD,2,0
922,F9,N948FR,2015,2,13,6,PHX,DEN,0,0
1184,UA,N838UA,2015,4,3,7,SMF,IAH,8,0
1065,UA,N509UA,2015,8,28,7,JFK,SFO,0,0
1456,US,N664AW,2015,5,16,6,BOS,PHX,9,0
1723,US,N723UW,2015,10,22,4,BOS,CLT,-4,0
4642,US,N839AW,2015,10,10,5,DTW,MIA,-4,0
4928,UA,N73276,2015,9,26,5,FLL,EWR,-5,0
609,WN,N467WN,2015,2,15,4,GEG,DEN,-1,0
821,WN,N653SW,2015,1,3,5,SAT,STL,-6,0
133,WN,N614SW,2015,11,3,3,ONT,DEN,4,0
2881,UA,N39726,2015,2,9,4,CLE,EWR,-3,0
2771,US,N663AW,2015,8,27,5,DFW,PHX,7,0
3288,AA,N201AA,2015,10,31,4,MFE,DFW,,1
3328,AA,N4WLAA,2015,9,8,2,STL,DFW,-8,0
3408,AA,N3BGAA,2015,8,25,1,SJU,MIA,-8,0
3643,AA,N4XYAA,2015,12,5,3,MKE,DFW,0,0
286,AS,N622AS,2015,9,28,3,SEA,SFO,-3,0
5181,AS,N407AS,2015,8,15,3,SEA,LAS,-3,0
6499,B6,N247JB,2015,4,9,5,BTV,JFK,-12,0
1160,B6,N559JB,2015,4,6,5,JFK,FLL,-2,0
1601,B6,N821JB,2015,2,11,5,SFO,LGB,-8,0
6461,B6,N809JB,2015,4,27,7,PBI,BOS,16,0
606,B6,N641JB,2015,1,17,6,MCO,JFK,-5,0
7389,B6,N503JB,2015,6,3,4,SJU,MCO,93,0
220,DL,N975DL,2015,5,1,6,BDL,ATL,-4,0
654,DL,N3759,2015,8,1,2,RDU,ATL,56,0
6119,DL,N336NB,2015,9,25,3,SFO,SLC,-1,0
5456,EV,N14143,2015,4,22,6,TUS,IAH,8,0
205,EV,N933EV,2015,3,6,4,PIA,ATL,-5,0
4494,F9,N223FR,2015,1,3,7,IND,DEN,-9,0
5370,F9,N920FR,2015,1,1,1,MCI,DEN,2,0
1709,F9,N951FR,2015,6,21,2,DFW,DEN,57,0
828,MQ,N907MQ,2015,11,9,6,FSM,DFW,,1
1632,MQ,N667MQ,2015,6,6,7,AEX,DFW,,1
1725,MQ,N838MQ,2015,6,7,5,SPS,DFW,,1
1315,MQ,N640MQ,2015,5,29,3,ACT,DFW,,1
1336,MQ,N625MQ,2015,8,1,1,SJT,DFW,,1
1619,MQ,N923MQ,2015,8,27,7,JAN,DFW,,1
1686,HA,N480HA,2015,7,13,5,HNL,OGG,-5,0
345,OO,N788SK,2015,9,7,3,OKC,LAX,-3,0
454,OO,N945SW,2015,3,15,4,FAR,DEN,5,0
57,UA,N76522,2015,6,30,2,SFO,IAH,-5,0
24,UA,N37466,2015,7,11,5,EWR,FLL,-8,0
1836,OO,N959SW,2015,9,31,3,MTJ,DEN,-7,0
1361,NK,N623NK,2015,2,17,2,RSW,DTW,-6,0
327,OO,N561SW,2015,7,23,1,GCC,RKS,-5,0
1492,UA,N813UA,2015,2,5,6,MSY,EWR,-2,0
1554,UA,N422UA,2015,11,4,1,ORD,MCO,-5,0
4556,EV,N16951,2015,10,26,7,RIC,ORD,0,0
6071,OO,N920SW,2015,11,15,6,RDM,SFO,-9,0
1252,HA,N484HA,2015,10,31,2,OGG,HNL,-8,0
3323,OO,N431SW,2015,4,9,6,SJC,SLC,-10,0
3601,OO,N979SW,2015,12,20,6,ORD,MBS,-3,0
3551,US,N677AW,2015,9,7,4,EWR,CLT,6,0
5572,WN,N8303R,2015,1,20,7,PHX,BWI,0,0
1312,UA,N37464,2015,12,8,7,SEA,IAD,-5,0
269,UA,N72405,2015,1,3,5,LAS,SFO,-4,0
4506,AA,N5BSAA,2015,7,9,6,DFW,MIA,-7,0
5337,AA,N424AA,2015,1,19,2,BNA,DFW,,1
562,AA,N3LCAA,2015,12,15,1,PHX,DFW,-7,0
416,AA,N3AMAA,2015,7,3,4,BOS,MIA,-5,0
1403,AA,N4XXAA,2015,7,16,3,LAX,STL,-1,0
107,AS,N469AS,2015,5,6,4,OAK,SEA,-2,0
4681,AS,N442AS,2015,9,28,6,SEA,LAX,1,0
1754,B6,N348JB,2015,12,4,2,BOS,IAD,-7,0
1789,B6,N923JB,2015,1,18,2,LAX,JFK,10,0
1966,B6,N355JB,2015,6,8,3,DCA,FLL,-7,0
2351,B6,N281JB,2015,11,14,1,DTW,BOS,-7,0
137,AA,N3KYAA,2015,10,16,5,BNA,LAX,-3,0
1125,DL,N692DL,2015,8,7,2,PHL,ATL,-2,0
1165,DL,N819DN,2015,2,18,7,PHX,MSP,106,0
1581,B6,N760JB,2015,2,8,1,SJU,FLL,15,0
2253,EV,N41104,2015,7,13,7,VPS,IAH,-3,0
504,EV,N14186,2015,1,27,1,GUC,DEN,7,0
99,F9,N910FR,2015,2,24,5,MIA,LGA,38,0
962,MQ,N613MQ,2015,1,22,1,RIC,MIA,-1,0
2006,MQ,N530MQ,2015,5,12,4,DTW,LGA,-7,0
978,MQ,N663MQ,2015,11,21,4,ORF,MIA,-5,0
985,OO,N970SW,2015,10,19,7,MOT,DEN,-10,0
1275,AA,N021AA,2015,11,8,7,STL,MIA,-8,0
2384,B6,N834JB,2015,4,27,2,BOS,FLL,-4,0
1610,EV,N12552,2015,10,13,3,MLU,IAH,29,0
1866,OO,N961SW,2015,7,9,7,MAF,DEN,,1
1919,NK,N510NK,2015,12,16,4,LAX,LAS,-5,0
2522,UA,N496UA,2015,6,24,2,PDX,ORD,-2,0
2512,B6,N763JB,2015,12,14,7,JFK,SJU,-2,0
2572,HA,N476HA,2015,12,3,5,KOA,HNL,6,0
4531,OO,N783CA,2015,1,3,3,EUG,SLC,-7,0
4655,US,N815AW,2015,1,10,1,RNO,PHX,-10,0
5123,US,N543UW,2015,7,26,1,PHX,CLT,14,0
582,WN,N466WN,2015,4,3,1,CMH,ATL,136,0
439,WN,N7728D,2015,2,1,7,HOU,ATL,-3,0
2958,WN,N621SW,2015,9,27,7,HOU,PHX,-2,0
3432,AA,N3KCAA,2015,8,2,7,DTW,DFW,,1
3613,AA,N3ACAA,2015,4,10,1,BOS,JFK,-2,0
3568,AA,N3KGAA,2015,11,10,5,DFW,DCA,,1
5348,AA,N437AA,2015,11,5,3,MSP,DFW,3,0
5256,AS,N627AS,2015,12,31,3,SEA,SNA,-6,0
4747,B6,N274JB,2015,10,8,1,BDL,DCA,-8,0
5464,B6,N709JB,2015,3,4,6,SJU,BOS,76,0
5608,B6,N566JB,2015,8,4,1,FLL,EWR,0,0
5636,DL,N910AT,2015,9,24,3,MOB,ATL,-2,0
6571,DL,N693DL,2015,12,31,6,SAN,SLC,-4,0
6573,DL,N352NW,2015,11,10,7,LAS,SLC,-6,0
6616,DL,N920DN,2015,7,28,6,DCA,DTW,-6,0
940,DL,N361NB,2015,2,28,7,SMF,SLC,-7,0
6368,DL,N385DN,2015,12,16,3,DEN,DTW,-2,0
101,DL,N827DN,2015,10,11,5,SFO,ATL,1,0
762,DL,N321NB,2015,7,10,3,LGA,MSP,-4,0
5249,EV,N879AS,2015,7,1,7,LAW,DFW,364,0
207,EV,N901EV,2015,4,13,2,BRO,DFW,-11,0
1931,EV,N876AS,2015,12,6,6,PIB,MEI,-8,0
732,EV,N14204,2015,6,7,2,CHS,IAH,8,0
698,EV,N13202,2015,7,9,1,MEM,IAH,6,0
799,EV,N847AS,2015,3,8,6,MGM,ATL,-6,0
687,F9,N221FR,2015,8,28,4,SLC,DEN,2,0
823,F9,N931FR,2015,4,12,5,OMA,DEN,-6,0
603,MQ,N657MQ,2015,9,13,7,FAR,DFW,,1
885,MQ,N546MQ,2015,10,22,5,DCA,JFK,164,0
1192,MQ,N932MQ,2015,3,28,7,MSN,DFW,,1
1568,MQ,N528MQ,2015,1,11,5,CMH,LGA,-5,0
460,OO,N562SW,2015,9,18,2,SBP,LAX,-2,0
1186,OO,N789SK,2015,6,28,5,COS,IAH,-1,0
1390,OO,N810SK,2015,2,28,2,OAK,SLC,-3,0
2420,OO,N296SW,2015,4,14,1,LAR,DEN,-4,0
545,OO,N930SW,2015,9,12,3,SAN,LAX,-1,0
955,OO,N237SW,2015,11,30,4,BFL,SFO,-7,0
2129,OO,N886AS,2015,5,2,6,DRO,PHX,16,0
1518,OO,N468CA,2015,9,13,6,MRY,PHX,-5,0
1588,OO,N897SK,2015,2,17,6,FAT,PHX,-1,0
4468,NK,N635NK,2015,10,16,3,MSP,ORD,2,0
5534,NK,N508NK,2015,5,8,4,DFW,ORD,3,0
1338,OO,N874AS,2015,1,12,4,BIS,DEN,-4,0
3205,HA,N492HA,2015,9,12,7,ITO,HNL,-1,0
3173,B6,N775JB,2015,2,23,4,PBI,LGA,12,0
470,OO,N118SY,2015,1,16,3,SAT,ORD,29,0
742,UA,N446UA,2015,10,6,2,FLL,IAH,-6,0
4762,US,N833AW,2015,7,7,2,BUF,CLT,5,0
4716,UA,N824UA,2015,5,27,3,SEA,ORD,-7,0
5616,WN,N422WN,2015,3,29,2,CMH,FLL,3,0
1026,WN,N7736A,2015,4,4,6,LAS,HOU,-2,0
1481,WN,N789SW,2015,2,1,1,PVD,MCO,11,0
344,WN,N7707C,2015,9,14,7,SAN,BWI,0,0
4624,WN,N461WN,2015,10,14,6,SAN,MDW,-3,0
6372,WN,N276WN,2015,4,22,1,SMF,PHX,-5,0
1982,UA,N69804,2015,10,13,2,SAN,DEN,-2,0
871,UA,N24212,2015,9,15,2,SAN,EWR,-5,0
343,US,N640AW,2015,11,10,1,SJC,PHX,-6,0
598,AA,N557AA,2015,12,12,1,SJC,DFW,,1
127,AA,N5CPAA,2015,1,1,6,DFW,BOS,-6,0
387,AA,N496AA,2015,10,17,5,SAN,DFW,-8,0
1079,AA,N3ERAA,2015,12,24,2,LAX,DFW,-1,0
1207,AS,N519AS,2015,11,8,6,ONT,SEA,-7,0
1343,AA,N3AAAA,2015,6,1,3,RDU,MIA,-8,0
1635,DL,N911DA,2015,2,15,6,ROC,ATL,3,0
2379,DL,N591NW,2015,5,3,1,MCO,ATL,-7,0
2272,DL,N327NB,2015,12,15,3,DCA,MSP,-1,0
124,EV,N14125,2015,10,20,5,CAE,IAH,1,0
70,EV,N695CA,2015,11,1,1,BTR,ATL,0,0
966,F9,N906FR,2015,4,30,6,IAD,MSP,-11,0
891,MQ,N680MQ,2015,5,21,5,SAV,DFW,,1
2234,MQ,N614MQ,2015,4,16,3,GRI,DFW,,1
2480,NK,N534NK,2015,2,30,2,PDX,SAN,-4,0
2180,NK,N632NK,2015,2,25,1,DFW,MSP,5,0
5221,OO,N935SW,2015,12,8,5,PSP,SLC,10,0
308,OO,N8903A,2015,2,18,1,ISN,MSP,-3,0
3609,OO,N961SW,2015,1,12,7,HLN,DEN,0,0
3634,UA,N39423,2015,11,4,2,MCO,IAH,16,0
969,B6,N318JB,2015,10,14,3,BOS,RIC,-5,0
6557,F9,N932FR,2015,10,11,6,BZN,DEN,-9,0
6564,OO,N822SK,2015,1,22,7,FAT,SLC,-2,0
4418,OO,N742SK,2015,6,29,7,FSD,DEN,4,0
6230,NK,N530NK,2015,12,24,4,IAH,ORD,-3,0
3272,UA,N487UA,2015,5,14,5,EWR,IAH,-1,0
104,DL,N902DE,2015,3,29,2,PIT,DTW,-3,0
7396,US,N152UW,2015,1,24,1,FLL,CLT,-9,0
1592,UA,N471UA,2015,3,22,2,MIA,EWR,-1,0
195,WN,N7814B,2015,7,18,2,DEN,ATL,0,0
649,WN,N8649A,2015,7,4,6,MDW,PHX,0,0
674,US,N561UW,2015,12,9,2,LAX,PHL,-1,0
835,AA,N3GHAA,2015,10,28,7,IAD,DFW,-3,0
572,AA,N4XXAA,2015,6,13,2,LAX,AUS,,1
577,AA,N3KKAA,2015,5,6,1,CLT,DFW,-5,0
5628,AA,N3DPAA,2015,9,18,3,PHL,DFW,164,0
4570,AA,N3GLAA,2015,4,2,6,DFW,CLT,-7,0
660,AA,N025AA,2015,3,22,7,ATL,DFW,,1
1231,AA,N3KPAA,2015,11,14,7,RDU,DFW,-7,0
401,AA,N514AA,2015,11,30,3,SAT,DFW,-6,0
433,AS,N593AS,2015,8,30,7,FAI,SEA,-11,0
567,B6,N228JB,2015,5,21,7,FLL,BOS,-1,0
595,B6,N580JB,2015,3,10,2,RSW,BOS,3,0
148,DL,N924DN,2015,12,14,5,MIA,ATL,-4,0
330,DL,N970DL,2015,8,26,5,BWI,MSP,44,0
1381,DL,N979AT,2015,6,3,4,MDT,ATL,-6,0
157,B6,N368JB,2015,5,15,5,EWR,BOS,-6,0
499,EV,N921EV,2015,3,9,4,SCE,DTW,-15,0
573,F9,N935FR,2015,5,11,5,GEG,DEN,-7,0
23,MQ,N836MQ,2015,10,26,6,LEX,DFW,,1
1099,MQ,N606MQ,2015,6,18,5,VPS,DFW,,1
929,NK,N516NK,2015,9,3,5,BWI,ORD,-6,0
1285,OO,N889AS,2015,6,21,7,SBA,PHX,-3,0
418,OO,N896SK,2015,5,16,3,SBP,PHX,-8,0
783,EV,N14153,2015,9,13,3,PNS,IAH,-6,0
1984,OO,N727SK,2015,4,2,1,COS,DEN,-6,0
2114,EV,N23139,2015,8,7,7,CLE,ORD,-4,0
2283,HA,N477HA,2015,6,6,1,LIH,HNL,-7,0
2370,OO,N675BR,2015,10,10,4,TWF,SLC,-1,0
1598,DL,N723TW,2015,8,10,2,SAN,ATL,-1,0
1809,UA,N69818,2015,5,25,2,BDL,ORD,11,0
1872,US,N912UY,2015,1,20,7,LAX,PHX,-5,0
2549,US,N831AW,2015,3,1,6,EWR,PHX,0,0
3261,US,N293AY,2015,12,25,2,PHL,CLT,0,0
3929,UA,N404UA,2015,1,16,7,AUS,IAH,28,0
4306,UA,N458UA,2015,5,21,6,SFO,EWR,76,0
295,OO,N507CA,2015,4,2,1,RNO,SFO,-11,0
711,WN,N8611F,2015,4,23,5,SEA,MDW,4,0
1246,WN,N275WN,2015,10,29,1,SJU,TPA,-1,0
1108,UA,N17229,2015,7,23,3,HNL,LAX,2,0
2913,US,N732US,2015,11,17,4,CLT,PHL,-7,0
3649,US,N601AW,2015,6,5,5,JFK,PHX,-2,0
2604,US,N524UW,2015,5,2,3,SAN,PHX,-7,0
379,US,N519UW,2015,4,26,6,ONT,PHX,164,0
5381,AA,N3EJAA,2015,10,21,1,MIA,CLT,-6,0
4553,AA,N3EWAA,2015,1,12,4,PBI,ORD,-4,0
5186,AA,N492AA,2015,7,18,2,EWR,DFW,-3,0
5581,AS,N762AS,2015,7,25,6,ANC,OTZ,-8,0
6588,AS,N551AS,2015,5,3,3,SAN,SEA,-3,0
675,AS,N467AS,2015,5,22,6,SAN,PDX,-6,0
5297,B6,N937JB,2015,9,4,1,JFK,LAX,-3,0
700,B6,N508JB,2015,2,14,2,LGA,MCO,-1,0
1926,B6,N526JB,2015,8,10,5,JFK,RSW,-2,0
129,B6,N184JB,2015,3,20,5,BOS,PIT,19,0
1349,DL,N706TW,2015,5,24,5,SFO,JFK,-2,0
1543,DL,N962DN,2015,7,14,1,MSP,ATL,-4,0
2220,DL,N946DN,2015,1,15,5,AUS,ATL,-5,0
240,DL,N397DA,2015,2,13,6,COS,ATL,2,0
724,DL,N695DL,2015,3,10,5,DTW,ATL,-2,0
475,DL,N339NB,2015,5,31,5,MSY,LGA,-6,0
1467,DL,N669DN,2015,9,13,4,SEA,ATL,1,0
1441,DL,N970AT,2015,3,16,7,EWR,ATL,-1,0
2005,DL,N6705Y,2015,6,11,2,TPA,ATL,-1,0
2290,EV,N909EV,2015,1,11,3,BPT,DFW,0,0
1864,EV,N13123,2015,3,9,5,RIC,IAD,-1,0
5579,EV,N13118,2015,3,17,3,EWR,JAX,0,0
3443,EV,N13970,2015,4,22,2,GPT,IAH,-7,0
4758,F9,N202FR,2015,10,15,6,TPA,DEN,80,0
3460,F9,N203FR,2015,10,12,5,RSW,DEN,17,0
665,F9,N912FR,2015,2,22,2,DEN,DFW,4,0
4577,F9,N947FR,2015,9,12,2,CLE,MCO,-2,0
1718,MQ,N600MQ,2015,1,26,2,GPT,DFW,,1
1943,MQ,N935MQ,2015,11,12,3,MGM,DFW,,1
1946,OO,N693BR,2015,5,24,6,SAN,LAX,-10,0
795,NK,N503NK,2015,1,1,7,ACY,MYR,-9,0
692,OO,N937SW,2015,4,24,5,STC,ORD,-7,0
1170,OO,N820SK,2015,1,9,4,BOI,LAX,-6,0
653,OO,N471CA,2015,4,19,6,SFO,SAN,7,0
890,OO,N755SK,2015,2,29,5,MSP,LAX,0,0
832,OO,N885AS,2015,1,16,6,BFL,PHX,0,0
1284,UA,N75432,2015,8,16,3,TPA,ORD,-2,0
1748,EV,N832AS,2015,10,3,6,ORD,IAD,-5,0
1305,HA,N493HA,2015,11,18,6,HNL,OGG,-5,0
1562,B6,N294JB,2015,5,12,7,JFK,MSY,-8,0
548,OO,N908SW,2015,5,4,4,MKE,ORD,-10,0
558,UA,N403UA,2015,8,31,2,MIA,ORD,-2,0
569,US,N675AW,2015,11,29,2,SEA,PHL,-8,0
662,WN,N7745A,2015,9,14,6,SAT,ATL,-1,0
709,WN,N965WN,2015,4,25,4,PDX,MDW,-3,0
2476,US,N604AW,2015,1,25,4,LAS,PHX,-7,0
1332,AA,N4WPAA,2015,2,27,5,JAX,DFW,13,0
2135,AA,N4XJAA,2015,4,13,3,MSY,DFW,,1
2566,AA,N486AA,2015,11,31,7,PIT,DFW,-8,0
2506,AA,N586AA,2015,11,22,7,COS,DFW,-12,0
2555,AS,N569AS,2015,3,14,4,SEA,SAN,-6,0
2561,AS,N323AS,2015,11,9,5,PDX,SAN,-7,0
2537,AS,N612AS,2015,1,26,2,SEA,SLC,-10,0
2775,B6,N599JB,2015,5,12,1,PVD,MCO,-6,0
2966,B6,N216JB,2015,9,22,6,HPN,PBI,-11,0
3359,AA,N3GYAA,2015,5,12,5,JFK,LAS,21,0
3476,DL,N990DL,2015,12,28,4,MLB,ATL,-3,0
3589,DL,N963DN,2015,9,31,2,PIT,ATL,-2,0
705,DL,N360NW,2015,9,24,1,SAN,MSP,-3,0
417,EV,N136EV,2015,5,3,7,ABE,ATL,-7,0
3456,MQ,N635MQ,2015,1,30,3,SPI,DFW,,1
5492,OO,N440SW,2015,1,1,7,PLN,DTW,-9,0
6495,OO,N219AG,2015,10,18,5,PDX,ONT,0,0
5291,UA,N401UA,2015,12,15,2,RSW,EWR,-6,0
536,DL,N922DX,2015,11,9,1,SJC,MSP,-5,0
259,OO,N455SW,2015,5,4,1,CIU,DTW,-3,0
792,US,N939UW,2015,7,18,5,MCO,CLT,-3,0
3213,US,N508AY,2015,1,21,5,BWI,CLT,-3,0
2199,US,N915US,2015,2,6,1,EWR,CLT,8,0
3739,WN,N968WN,2015,1,23,3,AUS,ATL,-3,0
4563,WN,N221WN,2015,7,1,7,CAK,MCO,-4,0
593,WN,N902WN,2015,12,15,2,FLL,LAS,-1,0
323,WN,N934WN,2015,5,29,5,MKE,LAS,-5,0
1107,WN,N717SA,2015,5,17,3,PHX,MDW,-7,0
1283,WN,N8616C,2015,8,11,6,SJC,LAS,0,0
1287,UA,N11206,2015,2,15,1,LAS,EWR,-1,0
1300,UA,N16703,2015,12,3,5,ORD,EWR,3,0
2326,AA,N456AA,2015,9,14,4,DSM,DFW,-7,0
318,AA,N576AA,2015,3,2,7,IAH,DFW,,1
1137,AA,N475AA,2015,5,3,3,RIC,DFW,-4,0
716,AS,N306AS,2015,8,5,4,BLI,SEA,-8,0
765,AS,N307AS,2015,4,17,4,PDX,LAX,3,0
801,AS,N435AS,2015,9,4,2,SEA,PSP,-4,0
827,AS,N471AS,2015,10,9,5,LAX,PDX,-1,0
886,AS,N302AS,2015,9,14,7,SEA,DFW,-7,0
1135,AS,N769AS,2015,3,28,1,SLC,SJC,67,0
1324,AA,N3LEAA,2015,5,9,7,BDL,MIA,-6,0
1449,DL,N540US,2015,5,29,2,RSW,ATL,0,0
246,DL,N990AT,2015,2,11,7,TPA,LGA,-6,0
2395,DL,N909DE,2015,3,14,1,MCO,LGA,-2,0
4438,DL,N913DN,2015,5,30,7,SFO,MSP,-4,0
6042,EV,N904EV,2015,3,21,1,CRP,DFW,-2,0
110,EV,N830AS,2015,11,3,1,SHV,DFW,16,0
782,EV,N877AS,2015,7,25,2,BTR,DFW,-1,0
268,EV,N902EV,2015,11,11,3,MLU,DFW,3,0
2965,MQ,N613MQ,2015,5,28,2,PIA,DFW,,1
3009,MQ,N855MQ,2015,12,14,1,ROW,DFW,,1
3431,MQ,N905MQ,2015,4,9,5,FWA,DFW,,1
301,MQ,N653MQ,2015,1,1,1,CHS,MIA,-6,0
725,MQ,N692MQ,2015,8,19,3,GSO,MIA,-3,0
6262,NK,N588NK,2015,3,2,4,LGA,FLL,108,0
4811,NK,N504NK,2015,5,9,5,DTW,ATL,-2,0
6502,NK,N587NK,2015,9,9,3,DTW,FLL,3,0
6523,OO,N217AG,2015,9,29,6,PDX,BUR,-2,0
4974,OO,N703SK,2015,4,20,5,MSN,ORD,3,0
7385,OO,N932EV,2015,2,4,7,COS,LAX,-6,0
1208,OO,N564SW,2015,1,28,5,GCC,DEN,0,0
338,UA,N852UA,2015,10,20,2,LAX,IAH,-8,0
6291,UA,N427UA,2015,12,13,5,SNA,IAH,8,0
1212,UA,N802UA,2015,6,24,7,BUF,ORD,33,0
284,VX,N361VA,2015,4,7,7,SFO,LAX,-7,0
2071,WN,N8612K,2015,1,11,7,DAL,MDW,4,0
739,WN,N912WN,2015,4,19,5,LIT,DAL,3,0
2964,WN,N400WN,2015,11,9,7,MHT,MCO,0,0
408,WN,N780SW,2015,9,25,4,ALB,MCO,-1,0
1371,WN,N783SW,2015,1,26,5,SAT,BWI,-3,0
1318,WN,N642WN,2015,11,30,3,OKC,ATL,-4,0
1595,US,N163US,2015,1,16,5,SNA,PHX,0,0
2226,AA,N520AA,2015,2,1,1,DFW,STL,,1
2429,AA,N3ADAA,2015,6,12,5,LGA,DFW,-4,0
2424,AA,N3MCAA,2015,2,27,2,LAS,ORD,-4,0
321,AA,N3CRAA,2015,12,19,7,BNA,MIA,-4,0
629,AA,N3BBAA,2015,11,14,3,MSP,MIA,29,0
805,AA,N3FRAA,2015,2,6,2,SNA,DFW,0,0
476,AA,N3KEAA,2015,5,3,4,MIA,DCA,33,0
1085,B6,N183JB,2015,6,26,5,JFK,BOS,-7,0
6175,B6,N374JB,2015,4,24,4,BOS,DTW,-3,0
3082,DL,N944DL,2015,12,13,6,OMA,ATL,-8,0
2973,DL,N329NB,2015,11,8,1,PIT,MSP,-3,0
3294,DL,N633DL,2015,4,11,2,SNA,ATL,-4,0
3419,DL,N678DL,2015,3,9,6,FLL,ATL,-6,0
729,DL,N324NB,2015,3,8,7,SNA,MSP,-3,0
5536,DL,N918DL,2015,10,6,4,ATL,LGA,-1,0
5428,DL,N309DE,2015,2,22,1,BHM,ATL,-1,0
464,DL,N908DE,2015,1,28,5,BNA,ATL,-3,0
332,AA,N3KDAA,2015,7,30,1,FLL,DFW,,1
1101,DL,N391DA,2015,7,16,7,SAN,JFK,-3,0
111,AA,N469AA,2015,10,22,5,BHM,DFW,-1,0
1077,EV,N26141,2015,1,14,2,HOB,IAH,,1
1510,EV,N21144,2015,4,3,6,LNK,DEN,32,0
204,F9,N206FR,2015,7,4,6,DEN,MSP,26,0
773,F9,N219FR,2015,4,16,3,LAS,DEN,-3,0
1960,F9,N921FR,2015,1,19,6,SNA,DEN,-7,0
670,MQ,N637MQ,2015,1,25,6,SGF,DFW,,1
707,MQ,N651MQ,2015,5,17,7,CMI,DFW,-3,0
537,MQ,N820MQ,2015,5,11,4,COU,DFW,,1
897,NK,N626NK,2015,11,31,7,BWI,FLL,4,0
753,NK,N525NK,2015,9,1,1,MCI,IAH,-8,0
4120,OO,N953SW,2015,3,22,3,GTF,DEN,-9,0
299,OO,N443SW,2015,6,14,2,BNA,CVG,-8,0
367,OO,N785SK,2015,11,27,7,SNA,SFO,12,0
222,OO,N754SK,2015,11,13,7,PHX,LAX,16,0
1373,OO,N792SK,2015,10,21,4,ATL,IAH,-4,0
2401,OO,N301YV,2015,2,16,7,EKO,SLC,-10,0
16,B6,N273JB,2015,5,19,1,IAD,JFK,-6,0
1071,HA,N481HA,2015,12,21,6,HNL,KOA,-8,0
2090,OO,N706SK,2015,2,30,2,FAT,SFO,-3,0
2702,DL,N582NW,2015,1,25,5,LAX,MSP,-2,0
1651,UA,N832UA,2015,7,31,2,PHX,SFO,61,0
1818,US,N626AW,2015,12,22,5,PIT,CLT,3,0
3924,US,N553UW,2015,1,9,1,MSP,CLT,-3,0
907,WN,N8315C,2015,2,8,6,BWI,MCO,-7,0
3063,WN,N927WN,2015,3,18,3,MSY,ATL,-3,0
3110,WN,N481WN,2015,7,31,7,PHX,DAL,4,0
3188,UA,N33209,2015,9,4,5,FLL,ORD,-5,0
312,US,N521UW,2015,1,13,7,PHL,PHX,-10,0
1052,AA,N3DJAA,2015,3,25,3,LAX,SFO,-6,0
15,AA,N477AA,2015,4,25,3,MEM,DFW,-9,0
453,AA,N5CDAA,2015,7,7,2,BOS,DFW,-5,0
1547,AA,N553AA,2015,8,4,6,AUS,DFW,-3,0
6618,AA,N426AA,2015,7,7,1,DFW,TPA,70,0
5366,AA,N4XPAA,2015,7,23,7,CLE,DFW,3,0
356,AA,N3DLAA,2015,7,4,5,LAX,DFW,-9,0
392,AS,N613AS,2015,9,6,7,SJC,SEA,-3,0
852,AS,N611AS,2015,1,20,6,PDX,SNA,-1,0
1722,AS,N626AS,2015,11,17,5,LAS,PDX,-13,0
1877,AS,N588AS,2015,10,6,4,SEA,SMF,-6,0
1978,B6,N659JB,2015,9,13,4,LGB,OAK,-2,0
2064,DL,N196DN,2015,2,4,4,LAX,JFK,0,0
463,DL,N994AT,2015,9,13,7,AVL,ATL,8,0
514,DL,N937AT,2015,1,8,4,HSV,ATL,1,0
521,EV,N13124,2015,9,12,3,BNA,ORD,-6,0
736,MQ,N918MQ,2015,2,24,2,SAF,DFW,,1
1027,MQ,N628MQ,2015,2,10,4,GRR,DFW,,1
399,MQ,N509MQ,2015,1,4,5,XNA,ORD,10,0
473,MQ,N694MQ,2015,3,19,7,SUX,ORD,-4,0
309,MQ,N939MQ,2015,6,2,7,LFT,DFW,,1
369,NK,N629NK,2015,12,19,4,ORD,TPA,34,0
4635,OO,N779SK,2015,7,14,3,PSP,IAH,71,0
1019,OO,N679SA,2015,6,29,7,HYS,DEN,0,0
194,UA,N434UA,2015,9,10,3,BOS,EWR,1,0
2511,HA,N483HA,2015,11,29,6,HNL,ITO,47,0
767,AA,N5ENAA,2015,7,20,1,JFK,MIA,-3,0
390,NK,N522NK,2015,4,20,3,DTW,LAS,22,0
443,UA,N37462,2015,4,13,4,EWR,MIA,-4,0
921,UA,N37255,2015,8,29,2,SAN,IAH,2,0
2373,UA,N810UA,2015,8,26,1,DFW,IAH,-1,0
1195,US,N701UW,2015,1,4,7,RIC,CLT,-10,0
1697,US,N644AW,2015,1,8,3,TPA,CLT,-1,0
424,UA,N457UA,2015,5,26,5,TPA,EWR,-1,0
461,WN,N706SW,2015,3,26,2,CAK,ATL,-4,0
568,WN,N799SW,2015,9,7,7,MCO,ATL,-4,0
590,WN,N427WN,2015,4,9,2,ABQ,DAL,0,0
621,WN,N443WN,2015,12,22,5,PVD,FLL,1,0
9,WN,N268WN,2015,2,1,2,PHL,FLL,-4,0
118,WN,N247WN,2015,9,20,3,PHL,LAS,-2,0
68,AA,N857AA,2015,1,8,3,MIA,DEN,4,0
201,AA,N494AA,2015,5,7,3,TUL,DFW,,1
315,AA,N3JSAA,2015,6,16,2,LAX,BOS,-5,0
1242,AA,N3LAAA,2015,11,14,2,DFW,LGA,-8,0
1247,AA,N549AA,2015,3,28,4,BWI,DFW,-8,0
1258,AA,N858AA,2015,11,15,7,DFW,LAX,,1
1273,B6,N934JB,2015,1,8,4,SFO,JFK,-3,0
1354,DL,N932DN,2015,2,29,5,MKE,MSP,-2,0
1529,DL,N698DL,2015,3,21,3,PDX,MSP,-3,0
1582,B6,N206JB,2015,5,6,5,MCO,DCA,-4,0
1699,B6,N571JB,2015,11,26,5,JFK,BUF,-10,0
1513,DL,N954DN,2015,9,30,1,MSP,LAS,-3,0
1648,DL,N555NW,2015,3,19,5,ATL,MCO,-1,0
2291,EV,N14960,2015,12,9,4,MFE,IAH,-8,0
2451,F9,N926FR,2015,11,24,2,TTN,RDU,24,0
39,MQ,N511MQ,2015,8,18,6,ELP,ORD,,1
112,MQ,N688MQ,2015,3,16,4,HSV,ORD,2,0
311,MQ,N507MQ,2015,3,5,1,ABQ,ORD,17,0
313,UA,N490UA,2015,2,26,2,RDU,SFO,0,0
405,UA,N833UA,2015,11,3,1,EWR,LAX,-3,0
445,US,N128UW,2015,1,30,1,DCA,CLT,-4,0
466,UA,N69838,2015,3,9,1,MCO,EWR,-1,0
519,AA,N3JNAA,2015,10,26,7,DCA,MIA,-6,0
531,B6,N944JB,2015,5,16,3,JFK,SFO,0,0
615,B6,N652JB,2015,12,22,5,JFK,PBI,-4,0
663,DL,N997DL,2015,11,2,5,LGA,ATL,-1,0
722,OO,N506CA,2015,8,7,2,PSP,PHX,-1,0
833,OO,N930EV,2015,10,6,5,DVL,JMS,,1
847,UA,N432UA,2015,7,18,4,ALB,ORD,10,0
883,UA,N456UA,2015,10,21,2,PDX,SFO,-2,0
288,UA,N429UA,2015,11,31,6,EWR,TPA,-1,0
289,US,N715UW,2015,6,27,5,JAX,CLT,-5,0
619,US,N825AW,2015,4,20,6,CLE,CLT,-8,0
723,US,N826AW,2015,7,19,7,CLT,MIA,-6,0
1109,US,N566UW,2015,12,3,2,IAH,CLT,-4,0
1121,US,N827AW,2015,3,1,5,IND,CLT,-3,0
1031,US,N538UW,2015,2,18,4,DFW,CLT,-5,0
2007,UA,N482UA,2015,2,1,3,LGA,ORD,-2,0
364,UA,N411UA,2015,7,24,1,BOS,IAH,-4,0
400,UA,N854UA,2015,4,23,6,BOS,ORD,0,0
822,UA,N522UA,2015,12,23,3,SFO,EWR,-1,0
854,UA,N843UA,2015,6,18,1,SNA,DEN,1,0
872,UA,N38424,2015,8,12,2,SFO,IAH,-2,0
1183,VX,N852VA,2015,12,23,6,JFK,LAX,-5,0
1280,VX,N845VA,2015,11,2,5,LAS,SFO,-1,0
1440,WN,N423WN,2015,12,16,2,BUF,FLL,0,0
1453,WN,N657SW,2015,6,8,7,BWI,HOU,-2,0
1461,WN,N8312C,2015,12,14,5,BWI,LAS,-5,0
1971,WN,N8305E,2015,1,25,7,CLE,PHX,0,0
2017,WN,N792SW,2015,7,29,3,DCA,DAL,-5,0
2123,WN,N939WN,2015,4,24,1,ISP,FLL,4,0
2151,WN,N7735A,2015,3,23,4,MDW,DAL,3,0
2365,WN,N497WN,2015,1,17,1,MDW,TPA,-1,0
2539,WN,N283WN,2015,11,29,4,MSP,MDW,-4,0
2784,WN,N628SW,2015,7,11,5,PIT,MCO,-2,0
46,WN,N962WN,2015,11,4,6,SAT,BNA,-5,0
1498,WN,N237WN,2015,7,11,3,HOU,MCO,0,0
1506,UA,N57864,2015,4,24,6,MCO,SFO,328,0
1795,UA,N14107,2015,2,23,1,EWR,DEN,6,0
1894,US,N161UW,2015,12,3,1,ORD,PHX,-2,0
1925,US,N540UW,2015,4,28,3,ATL,CLT,-2,0
2393,US,N565UW,2015,7,22,3,SLC,PHX,1,0
4513,US,N758US,2015,1,15,2,BOI,PHX,-1,0
4524,US,N185UW,2015,11,7,2,DCA,PHX,1,0
4871,AA,N792AA,2015,9,1,3,JFK,LAX,-11,0
4987,AA,N019AA,2015,10,16,6,ATL,MIA,-4,0
5423,AA,N788AA,2015,11,9,6,LAX,JFK,-10,0
5755,AA,N5EGAA,2015,2,7,6,SFO,MIA,3,0
1061,AA,N3LJAA,2015,1,25,2,BOS,LAX,-7,0
1120,AA,N5DXAA,2015,10,2,1,MIA,LAS,-3,0
681,AA,N4YDAA,2015,6,22,2,DFW,BNA,-8,0
2841,AA,N3MAAA,2015,8,18,4,LGA,ORD,-2,0
2852,AA,N489AA,2015,2,25,7,FAT,DFW,45,0
2871,AA,N3CHAA,2015,5,11,7,BOS,ORD,-1,0
3024,AA,N491AA,2015,12,24,5,LAS,DFW,-4,0
3051,AA,N023AA,2015,10,28,5,MIA,IAH,83,0
2991,AA,N504AA,2015,5,19,7,DFW,MCO,-5,0
3362,AA,N5DHAA,2015,9,10,5,MCO,LAX,-2,0
231,AA,N5EYAA,2015,1,11,2,MIA,BOS,-4,0
183,AA,N425AA,2015,6,21,3,TPA,DFW,-4,0
193,AA,N3KXAA,2015,2,25,3,SEA,DFW,-4,0
6194,AA,N008AA,2015,5,6,3,DFW,ATL,-5,0
6272,AA,N571AA,2015,10,4,2,TUS,DFW,,1
3479,AA,N859AA,2015,3,29,2,DFW,MIA,,1
217,AA,N3HTAA,2015,3,17,7,LGA,MIA,-4,0
4623,AS,N419AS,2015,6,16,6,EWR,SEA,1,0
5471,AS,N459AS,2015,4,2,4,MSP,SEA,-5,0
5632,AS,N527AS,2015,1,1,2,ANC,SEA,-7,0
6225,AS,N705AS,2015,10,20,2,PSP,SFO,-9,0
7382,AS,N703AS,2015,1,18,1,SFO,SEA,-9,0
5633,AS,N565AS,2015,8,29,1,SJC,PDX,-5,0
296,AS,N413AS,2015,3,24,7,PDX,SEA,-2,0
656,AS,N579AS,2015,3,14,6,LAX,SEA,-5,0
1764,AS,N309AS,2015,4,3,2,SEA,LAX,-4,0
4221,AS,N614AS,2015,12,18,1,SNA,SEA,-15,0
6159,AS,N529AS,2015,4,23,3,BUR,SEA,124,0
6382,AS,N320AS,2015,6,29,5,LAS,SEA,-1,0
761,AS,N536AS,2015,4,17,5,PHX,PDX,-7,0
12,AS,N403AS,2015,9,20,2,SLC,LAX,17,0
2851,AS,N566AS,2015,7,7,5,PDX,HNL,-3,0
1432,AS,N558AS,2015,7,14,7,SAN,OGG,-4,0
1863,AS,N531AS,2015,8,26,1,OAK,LIH,-11,0
2041,B6,N806JB,2015,3,13,1,LAX,BOS,-7,0
4649,B6,N373JB,2015,1,23,3,BOS,DCA,-10,0
893,B6,N638JB,2015,4,5,6,BOS,SAN,-3,0
552,B6,N804JB,2015,4,19,5,DCA,MCO,-8,0
3239,B6,N651JB,2015,2,21,2,BOS,JAX,133,0
1912,B6,N561JB,2015,8,6,4,PDX,LGB,-11,0
556,B6,N339JB,2015,11,10,5,BOS,HOU,-4,0
86,B6,N296JB,2015,11,4,1,BOS,AUS,0,0
1022,B6,N594JB,2015,3,29,2,PIT,FLL,-6,0
1232,DL,N547US,2015,2,10,7,SEA,LAX,12,0
1260,DL,N381DN,2015,12,24,5,PDX,JFK,-3,0
1564,DL,N194DN,2015,8,10,6,JFK,LAX,2,0
2281,DL,N3743H,2015,11,25,4,SEA,DTW,-8,0
2434,DL,N667DN,2015,10,11,5,SFO,DTW,1,0
279,DL,N938DN,2015,1,12,6,DCA,ATL,3,0
366,DL,N987DL,2015,5,12,7,ORF,ATL,1,0
1080,DL,N906DE,2015,7,26,6,DAB,ATL,-2,0
1996,DL,N357NW,2015,7,1,7,PBI,ATL,-1,0
2003,DL,N3766,2015,12,4,1,SLC,MSP,-3,0
2054,DL,N589NW,2015,1,18,4,SEA,MSP,-4,0
2109,AA,N4YRAA,2015,11,23,1,DAY,DFW,0,0
2412,DL,N934DN,2015,7,28,6,MSP,PHX,-1,0
1614,DL,N326US,2015,2,9,1,LGA,PBI,-3,0
1879,DL,N913DE,2015,3,24,4,RSW,LGA,-3,0
2908,DL,N329NW,2015,2,4,7,MIA,LGA,-3,0
3615,DL,N938DL,2015,10,24,5,CLE,ATL,-1,0
2585,DL,N911DE,2015,10,18,1,PBI,LGA,-4,0
2582,DL,N399DA,2015,6,17,7,JFK,SJU,-1,0
6466,DL,N353NW,2015,9,20,2,MKE,ATL,7,0
2101,B6,N283JB,2015,3,23,2,RDU,BOS,-13,0
2084,DL,N704X,2015,4,24,5,JFK,SFO,0,0
4197,DL,N958AT,2015,11,1,7,FLL,LGA,0,0
52,DL,N812DN,2015,7,26,2,LAX,DTW,-7,0
285,DL,N3757D,2015,5,25,6,LAS,JFK,-6,0
1956,DL,N6704Z,2015,3,12,3,MSP,MIA,4,0
235,DL,N534US,2015,8,7,1,MSP,RSW,-1,0
3835,AA,N3APAA,2015,9,14,2,JFK,MCO,117,0
2303,EV,N14950,2015,5,10,4,CLE,ORD,-3,0
494,EV,N14974,2015,8,24,3,LFT,IAH,7,0
435,EV,N878AS,2015,12,4,1,SHV,ATL,4,0
691,EV,N710EV,2015,9,28,3,ROC,LGA,-8,0
1556,EV,N724EV,2015,8,6,6,CID,MSP,-6,0
493,EV,N834AS,2015,8,9,3,PVD,ORD,-2,0
561,F9,N201FR,2015,1,21,7,ORD,PHX,-11,0
1482,F9,N208FR,2015,5,24,3,CLE,RSW,1,0
1624,F9,N908FR,2015,5,7,7,DEN,MCO,62,0
2310,F9,N928FR,2015,9,27,7,MCO,DEN,-2,0
55,MQ,N667MQ,2015,8,9,5,DFW,DSM,4,0
530,MQ,N625MQ,2015,1,25,1,GRK,DFW,,1
987,MQ,N645MQ,2015,11,21,1,PNS,DFW,,1
2067,MQ,N611MQ,2015,9,17,1,GJT,DFW,,1
2315,MQ,N802MQ,2015,4,20,3,HPN,ORD,-5,0
2191,MQ,N686MQ,2015,4,29,1,BMI,DFW,,1
1575,MQ,N507MQ,2015,1,11,4,DFW,MAF,,1
5920,NK,N620NK,2015,2,9,2,ATL,FLL,25,0
2930,NK,N532NK,2015,5,18,5,ACY,FLL,-5,0
3617,NK,N521NK,2015,10,19,3,LBE,RSW,-5,0
650,NK,N502NK,2015,1,25,5,IAH,LAS,43,0
5240,NK,N621NK,2015,1,15,3,FLL,MCO,12,0
2020,NK,N608NK,2015,2,30,5,FLL,BOS,4,0
4510,OO,N758SK,2015,9,18,5,ASE,DEN,4,0
604,OO,N915SW,2015,12,6,1,BUR,SFO,-10,0
1550,OO,N218AG,2015,10,31,3,SAN,SLC,21,0
156,HA,N485HA,2015,11,13,4,KOA,HNL,-4,0
3,OO,N812SK,2015,6,14,5,SEA,PDX,-13,0
230,OO,N576SW,2015,3,17,5,RKS,DEN,,1
300,OO,N566SW,2015,5,23,3,SBA,SFO,-4,0
748,OO,N124SY,2015,8,6,6,BOI,ORD,10,0
706,OO,N659BR,2015,5,25,4,CPR,SLC,-4,0
178,OO,N479CA,2015,11,13,1,COS,DEN,-5,0
4323,UA,N470UA,2015,5,5,7,ORD,DEN,4,0
963,UA,N402UA,2015,1,25,6,PHX,ORD,24,0
322,UA,N38417,2015,2,24,4,MSY,IAH,4,0
303,UA,N14228,2015,12,27,7,CLE,RSW,-1,0
752,AA,N012AA,2015,9,24,1,MIA,TPA,,1
1636,EV,N14570,2015,6,5,2,BTR,IAH,-9,0
1058,EV,N48901,2015,12,7,5,BTV,ORD,-1,0
1463,NK,N630NK,2015,11,27,5,FLL,BWI,1,0
61,OO,N824AS,2015,4,23,5,SFO,BOI,29,0
167,UA,N549UA,2015,10,23,2,ORD,SFO,8,0
236,VX,N842VA,2015,5,25,3,SFO,JFK,-3,0
1011,WN,N217JC,2015,3,7,4,BDL,FLL,-2,0
1133,WN,N625SW,2015,10,8,2,BWI,FLL,-5,0
1254,WN,N346SW,2015,7,13,6,CMH,TPA,0,0
1412,WN,N253WN,2015,12,16,1,DAL,BWI,-2,0
1159,WN,N684WN,2015,7,23,7,DAL,STL,,1
1174,WN,N340LV,2015,4,11,1,FLL,BWI,-6,0
2245,WN,N8317M,2015,2,4,7,MCO,LAS,-6,0
22,WN,N8302F,2015,6,29,6,MDW,MCO,0,0
394,WN,N737JW,2015,1,22,4,OAK,HOU,4,0
1092,WN,N291WN,2015,7,12,4,SAT,ELP,29,0
1415,WN,N905WN,2015,7,24,2,TPA,BWI,-2,0
1446,WN,N554WN,2015,11,22,7,TUS,DEN,-7,0
1994,UA,N17730,2015,12,16,4,SNA,EWR,-7,0
2124,US,N187US,2015,3,27,3,RDU,CLT,-8,0
1501,US,N749US,2015,7,20,4,MKE,PHX,2,0
4134,US,N751UW,2015,7,29,6,BWI,PHX,-1,0
4614,AA,N5BTAA,2015,10,3,7,SAN,DFW,-6,0
1308,AA,N3GTAA,2015,1,15,2,PDX,ORD,-4,0
1046,AA,N568AA,2015,11,18,6,ORF,DFW,-4,0
2885,AA,N4YUAA,2015,1,11,3,OKC,DFW,5,0
3446,AA,N7BKAA,2015,2,26,3,MIA,LAX,-2,0
867,AA,N5ETAA,2015,1,18,4,MIA,JFK,-4,0
2596,AA,N3JHAA,2015,7,29,1,PHX,ORD,8,0
7414,AA,N4YCAA,2015,9,25,4,IND,DFW,24,0
5316,AA,N575AA,2015,11,22,2,CMH,DFW,-7,0
5173,B6,N796JB,2015,12,26,4,LAS,LGB,-5,0
5441,B6,N644JB,2015,3,31,6,LGB,SMF,-10,0
4456,B6,N309JB,2015,11,18,3,FLL,JAX,-3,0
360,DL,N952DN,2015,10,17,7,STL,ATL,-2,0
4865,DL,N806DN,2015,11,15,5,MSP,LGA,-2,0
5299,DL,N940DL,2015,2,5,3,LGA,MIA,-4,0
407,DL,N376DA,2015,1,26,2,SEA,JFK,0,0
616,DL,N550NW,2015,7,1,4,SAN,DTW,-2,0
661,DL,N3738B,2015,2,20,6,SLC,ATL,-2,0
19,DL,N933DN,2015,7,29,6,MSP,TUS,-2,0
1329,DL,N906DL,2015,12,25,3,LIT,ATL,-7,0
3383,DL,N986AT,2015,1,10,6,LGA,FLL,-6,0
938,EV,N880AS,2015,12,18,1,FSD,DFW,8,0
1531,MQ,N697MQ,2015,1,24,1,ABI,DFW,,1
1053,MQ,N696MQ,2015,5,17,1,FAR,ORD,0,0
1206,OO,N862AS,2015,10,29,3,EUG,LAX,-13,0
1552,OO,N466SW,2015,12,14,4,SJC,LAX,-5,0
1650,OO,N790SK,2015,7,13,1,LAX,SLC,-3,0
2358,B6,N304JB,2015,4,20,3,BUF,JFK,-3,0
2426,HA,N486HA,2015,9,29,6,LIH,HNL,107,0
855,B6,N621JB,2015,5,21,1,MCO,JFK,-2,0
959,EV,N13964,2015,7,5,7,SHV,IAH,-2,0
1054,B6,N653JB,2015,8,27,6,MCO,BOS,-4,0
1394,HA,N480HA,2015,10,11,2,OGG,HNL,-6,0
2499,UA,N73270,2015,1,21,3,LAS,IAH,-3,0
1788,UA,N772UA,2015,6,19,2,GUM,HNL,51,0
4546,UA,N547UA,2015,5,25,3,LAX,HNL,-3,0
5347,US,N709UW,2015,8,30,6,ORF,CLT,-4,0
6189,WN,N720WN,2015,8,12,1,AUS,BWI,-1,0
2795,WN,N691WN,2015,12,16,7,CAK,BOS,-1,0
2946,WN,N8654B,2015,7,9,7,CMH,RSW,15,0
2906,WN,N8632A,2015,1,21,6,DAL,LGA,-1,0
3307,WN,N738CB,2015,12,11,2,LAS,SNA,-4,0
3491,WN,N714CB,2015,2,1,7,SAN,DAL,-1,0
6200,WN,N787SA,2015,2,11,2,ONT,MDW,33,0
5377,UA,N67815,2015,10,10,4,PHX,DEN,32,0
5987,US,N836AW,2015,1,15,2,PIT,PHX,-1,0
6036,US,N539UW,2015,6,30,2,MCO,PHX,-5,0
60,AA,N3DUAA,2015,11,28,1,SFO,DFW,-7,0
1494,AA,N508AA,2015,6,31,1,PHX,DFW,11,0
357,AA,N4YTAA,2015,3,5,5,DFW,DEN,9,0
1967,AS,N508AS,2015,1,4,3,ANC,SCC,-4,0
2584,AS,N457AS,2015,7,12,2,SEA,ONT,-1,0
769,DL,N371NW,2015,12,31,7,PHL,SLC,-6,0
1954,DL,N955DN,2015,3,2,4,CMH,ATL,-2,0
317,DL,N917DE,2015,11,26,4,CVG,ATL,-2,0
1363,B6,N507JB,2015,7,27,5,BOS,TPA,-2,0
1701,DL,N965DN,2015,3,6,2,IND,ATL,-4,0
503,EV,N13992,2015,4,19,4,TVC,ORD,-1,0
1209,F9,N954FR,2015,7,29,7,DCA,DEN,-2,0
1383,MQ,N617MQ,2015,5,7,4,ALO,ORD,-8,0
2357,MQ,N665MQ,2015,3,7,5,TLH,MIA,-1,0
244,NK,N507NK,2015,7,12,7,TPA,DTW,-3,0
634,OO,N766SK,2015,9,19,5,ASE,ORD,42,0
1465,DL,N347NB,2015,10,16,7,MEM,LAX,-3,0
810,EV,N15985,2015,1,22,2,RIC,EWR,-3,0
2502,B6,N562JB,2015,6,6,3,AUS,LGB,-7,0
2563,NK,N633NK,2015,3,27,2,FLL,LGA,-3,0
1290,AA,N631AA,2015,12,1,5,MIA,SJU,15,0
2760,DL,N3739P,2015,4,18,7,LAS,MSP,-5,0
3040,HA,N484HA,2015,1,4,6,HNL,OGG,4,0
3452,B6,N913JB,2015,3,6,4,JFK,SJU,-3,0
2605,UA,N472UA,2015,2,29,7,IAH,ORD,1,0
4682,UA,N818UA,2015,7,26,4,CLE,SFO,0,0
6424,US,N183UW,2015,9,30,3,SFO,CLT,0,0
123,US,N107US,2015,11,1,4,MSY,CLT,0,0
1146,UA,N452UA,2015,4,26,4,SEA,SFO,-1,0
1294,UA,N455UA,2015,12,14,7,BOI,DEN,27,0
4709,WN,N485WN,2015,7,4,4,BNA,LAS,-1,0
5908,WN,N295WN,2015,6,28,6,CMH,LAS,2,0
326,WN,N940WN,2015,10,5,2,DCA,BNA,-5,0
1169,WN,N8626B,2015,5,14,2,ISP,PBI,1,0
1522,WN,N483WN,2015,11,11,7,MCO,MDW,-5,0
1746,WN,N624SW,2015,2,31,1,SAN,SJC,-6,0
1717,WN,N7703A,2015,6,18,5,SEA,PHX,0,0
4738,WN,N735SA,2015,2,22,6,STL,LAS,-6,0
1913,WN,N743SW,2015,12,22,7,HOU,MDW,-4,0
2068,WN,N202WN,2015,2,30,6,PHX,ATL,-3,0
404,UA,N38459,2015,1,30,4,BWI,ORD,-7,0
713,UA,N73278,2015,6,14,3,PBI,EWR,-3,0
923,AA,N850AA,2015,5,9,7,MIA,DFW,4,0
1126,AA,N359AA,2015,3,21,3,MIA,SFO,32,0
1751,AA,N3HLAA,2015,8,4,3,SEA,JFK,-5,0
506,AA,N595AA,2015,11,2,3,ELP,DFW,4,0
623,AA,N3FJAA,2015,8,1,1,MIA,LGA,-2,0
76,AA,N3JFAA,2015,11,12,5,MIA,ORD,75,0
84,AA,N3GDAA,2015,11,7,3,AUS,LAX,44,0
1111,AA,N547AA,2015,4,29,3,ONT,DFW,2,0
1199,AA,N471AA,2015,9,24,4,DFW,RDU,-4,0
1382,AA,N481AA,2015,10,2,3,RNO,DFW,-3,0
1695,AA,N3JWAA,2015,11,20,7,DFW,FLL,-1,0
1499,AS,N708AS,2015,8,6,2,SMF,SEA,-5,0
1289,B6,N521JB,2015,2,11,4,PBI,BOS,-6,0
1702,B6,N267JB,2015,3,28,3,BOS,ORD,-5,0
341,B6,N317JB,2015,6,26,4,MCO,HPN,-11,0
1078,B6,N563JB,2015,2,13,2,BOS,STT,9,0
1215,DL,N911DL,2015,2,2,7,MEM,MCO,-2,0
2103,DL,N950DL,2015,8,9,7,CLT,ATL,8,0
2171,DL,N3767,2015,1,1,7,PHX,ATL,54,0
2541,DL,N3758Y,2015,3,27,3,PHX,JFK,74,0
2560,DL,N617DL,2015,3,19,2,MSY,ATL,-3,0
1251,DL,N943DN,2015,4,26,6,RDU,ATL,-3,0
3259,DL,N664DN,2015,6,5,7,BOS,ATL,-2,0
4432,DL,N368NW,2015,8,6,6,LAS,ATL,-3,0
4883,EV,N26549,2015,2,4,3,MCI,IAH,-7,0
5948,EV,N11548,2015,6,17,2,IAH,CLT,-2,0
1070,EV,N707EV,2015,1,28,3,CLE,LGA,164,0
2853,F9,N210FR,2015,5,31,3,IAD,CVG,-10,0
3098,F9,N925FR,2015,3,12,2,MCO,MDT,-13,0
3197,MQ,N521MQ,2015,7,1,6,XNA,DFW,-3,0
3170,MQ,N656MQ,2015,1,11,1,MHK,ORD,40,0
3278,NK,N631NK,2015,8,26,4,DFW,LAX,-3,0
3286,OO,N869AS,2015,10,9,5,TUS,LAX,0,0
3439,OO,N429SW,2015,8,29,2,IMT,RHI,0,0
3672,OO,N919SW,2015,10,10,5,MRY,LAX,-1,0
469,OO,N709SK,2015,3,19,6,ASE,LAX,5,0
511,UA,N474UA,2015,3,20,5,EWR,PBI,-3,0
2593,OO,N291SW,2015,11,10,2,SFO,SBP,-8,0
4654,B6,N593JB,2015,7,21,4,FLL,LGA,11,0
4795,DL,N353NB,2015,8,14,4,MCO,SLC,-4,0
5470,EV,N14972,2015,3,21,3,CRP,IAH,-8,0
6307,UA,N811UA,2015,10,20,1,BZN,DEN,-3,0
6344,B6,N905JB,2015,1,20,5,JFK,FLL,-1,0
6537,EV,N12540,2015,6,26,1,MAF,IAH,,1
7376,HA,N491HA,2015,5,1,5,ITO,HNL,-6,0
2359,NK,N614NK,2015,6,22,7,DTW,IAH,16,0
163,OO,N937SW,2015,9,9,4,ORD,MKE,82,0
4975,UA,N845UA,2015,2,4,2,IAH,BWI,-1,0
1690,UA,N488UA,2015,3,19,5,SFO,ORD,-6,0
1128,UA,N516UA,2015,5,20,5,ORD,LAX,0,0
1524,WN,N477WN,2015,3,3,2,LAX,BNA,-5,0
478,WN,N749SW,2015,1,2,6,LGA,DAL,0,0
245,WN,N488WN,2015,2,19,6,MCI,MCO,-4,0
1737,WN,N900WN,2015,6,20,7,MKE,ATL,-4,0
1923,WN,N716SW,2015,6,17,5,ALB,FLL,0,0
2055,WN,N610WN,2015,11,25,2,PVD,TPA,1,0
1003,WN,N917WN,2015,1,15,2,SFO,LAS,14,0
931,WN,N703SW,2015,1,14,2,PDX,LAS,-3,0
697,UA,N27908,2015,6,5,3,IAH,SFO,0,0
3661,US,N652AW,2015,3,27,4,TPA,PHX,-4,0
4966,AA,N784AA,2015,4,6,3,SFO,JFK,-6,0
203,AA,N4YJAA,2015,12,2,4,DFW,PHL,39,0
1646,AA,N4UBAA,2015,1,7,5,SAT,DFW,-5,0
2279,AA,N020AA,2015,12,5,5,IAD,MIA,-6,0
1974,AA,N3JBAA,2015,12,27,5,BWI,MIA,9,0
1741,AA,N3CXAA,2015,9,1,6,MIA,EWR,-4,0
83,AA,N397AA,2015,2,9,2,MIA,MCO,9,0
1320,AA,N3HDAA,2015,10,17,4,BDL,DFW,0,0
1423,AA,N5DGAA,2015,1,25,2,LAX,DFW,-3,0
2250,AS,N788AS,2015,10,25,2,SEA,JNU,10,0
65,AS,N315AS,2015,3,26,3,SEA,SFO,8,0
73,AS,N557AS,2015,10,18,1,PDX,KOA,-8,0
582,US,N823AW,2015,7,10,2,LAX,PHX,-8,0
1119,AA,N482AA,2015,5,31,5,MCI,DFW,-6,0
1240,AA,N434AA,2015,3,18,1,DFW,SJC,-4,0
1532,AA,N501AA,2015,8,31,5,DEN,DFW,0,0
1539,AA,N3DFAA,2015,10,28,2,RDU,ORD,-4,0
1616,AA,N4WNAA,2015,1,26,4,AUS,DFW,,1
2332,AA,N005AA,2015,10,5,1,DFW,ORD,,1
885,B6,N358JB,2015,7,17,5,JFK,RDU,4,0
954,B6,N537JB,2015,2,18,1,SJU,FLL,-3,0
1307,B6,N190JB,2015,5,13,1,JFK,IAD,-5,0
2245,DL,N914DN,2015,10,27,1,RSW,MSP,-2,0
240,DL,N803DN,2015,4,29,5,SFO,ATL,171,0
1556,DL,N824DN,2015,2,12,1,MCO,MSP,-4,0
1625,DL,N810DN,2015,7,10,7,BWI,ATL,10,0
163,B6,N586JB,2015,1,24,6,JFK,SRQ,-2,0
137,F9,N931FR,2015,2,5,2,DEN,SEA,-4,0
935,F9,N938FR,2015,8,6,6,TTN,CVG,11,0
2831,MQ,N680MQ,2015,11,19,5,DFW,TUL,,1
2902,MQ,N609MQ,2015,5,11,7,DFW,GRK,,1
3016,MQ,N660MQ,2015,11,28,2,DFW,PNS,,1
2978,MQ,N520MQ,2015,5,9,6,XNA,ORD,-7,0
3115,MQ,N527MQ,2015,4,11,3,MEM,ORD,-3,0
3194,MQ,N503MQ,2015,7,25,7,OKC,ORD,17,0
2616,OO,N866AS,2015,5,15,5,MRY,LAX,-12,0
404,NK,N529NK,2015,4,8,2,FLL,ATL,-1,0
6241,OO,N786SK,2015,10,14,7,OKC,SFO,3,0
1199,UA,N69834,2015,1,28,1,SJU,IAH,6,0
1238,UA,N69819,2015,12,3,6,SLC,IAH,41,0
6322,OO,N568SW,2015,1,7,3,LAX,SAN,96,0
794,UA,N837UA,2015,4,1,7,IAD,ORD,-3,0
1556,AA,N3FLAA,2015,5,23,1,MIA,PHL,-5,0
3952,EV,N14188,2015,2,15,4,MCI,ORD,-4,0
4978,OO,N713SK,2015,6,8,6,BOI,IAH,199,0
5208,OO,N791SK,2015,8,21,4,IAH,MIA,16,0
211,UA,N445UA,2015,11,16,7,FLL,IAH,28,0
1219,UA,N39450,2015,5,27,4,AUS,DEN,13,0
4498,EV,N12996,2015,1,13,5,ORD,BTV,-4,0
5622,OO,N946SW,2015,1,2,5,ORD,DSM,-5,0
1539,UA,N37252,2015,10,14,1,PHL,IAH,0,0
408,UA,N537UA,2015,3,28,3,SFO,IAD,-3,0
1707,US,N724UW,2015,4,12,3,BNA,CLT,8,0
1730,US,N801AW,2015,2,30,2,STL,CLT,-4,0
1752,US,N810AW,2015,4,18,6,AUS,PHL,18,0
1853,US,N554UW,2015,2,4,3,ATL,PHX,-5,0
546,UA,N514UA,2015,4,1,4,SAN,IAD,-6,0
561,UA,N483UA,2015,11,13,7,LGA,DEN,0,0
371,WN,N7813P,2015,12,6,3,CLT,BWI,-1,0
414,WN,N7815L,2015,11,9,3,DAL,ATL,2,0
841,WN,N426WN,2015,1,4,1,DAL,FLL,-2,0
348,WN,N203WN,2015,9,8,4,DAL,LAS,0,0
766,WN,N212WN,2015,3,4,7,DAL,PHX,-1,0
1155,WN,N7751A,2015,3,15,5,MDW,DEN,-2,0
598,WN,N925WN,2015,1,18,5,MSY,LAS,-2,0
972,WN,N761RR,2015,2,3,3,PIT,LAS,48,0
706,WN,N8613K,2015,1,30,4,SLC,DEN,6,0
32,WN,N747SA,2015,5,30,1,STL,MDW,-3,0
716,WN,N931WN,2015,9,9,6,PBI,ATL,0,0
1480,UA,N26215,2015,7,15,5,MIA,EWR,-1,0
584,US,N817AW,2015,8,2,4,CLE,PHX,-5,0
376,AA,N573AA,2015,4,17,2,DFW,IND,-1,0
1146,AA,N3BJAA,2015,10,28,4,DFW,SEA,15,0
1267,AA,N3LTAA,2015,9,18,6,TPA,ORD,2,0
1278,AA,N4YNAA,2015,6,20,6,DFW,DTW,-4,0
2471,AA,N3ESAA,2015,1,26,7,FLL,DFW,-6,0
506,AS,N644AS,2015,1,9,1,SEA,SNA,-8,0
1033,B6,N238JB,2015,12,4,6,MCO,SJU,-10,0
1273,B6,N615JB,2015,2,24,7,JFK,CHS,-7,0
553,DL,N915DE,2015,5,24,5,SAT,ATL,-5,0
732,DL,N3773D,2015,11,15,1,JAX,ATL,-5,0
807,DL,N368NB,2015,9,13,7,EWR,ATL,-2,0
968,DL,N67171,2015,12,29,4,SEA,ATL,0,0
986,DL,N924DL,2015,4,2,2,ATL,LGA,-5,0
1237,DL,N912DL,2015,8,22,4,SAV,ATL,0,0
1430,DL,N957AT,2015,3,6,7,BNA,ATL,-3,0
1460,DL,N901DA,2015,3,1,6,MIA,ATL,40,0
2648,DL,N929AT,2015,10,20,1,TPA,JFK,-5,0
1927,DL,N370NW,2015,6,5,1,FLL,ATL,-5,0
1950,DL,N661DN,2015,10,22,7,SLC,DTW,-5,0
4691,EV,N16919,2015,1,14,7,EWR,DAY,-4,0
5565,EV,N748EV,2015,8,12,4,OKC,DTW,-6,0
5961,EV,N15983,2015,6,11,6,SCE,ORD,-8,0
6019,EV,N15574,2015,6,28,1,ELM,ORD,11,0
6144,EV,N13969,2015,10,11,1,SYR,ORD,-3,0
722,F9,N943FR,2015,8,15,3,DEN,DCA,-5,0
2952,MQ,N698MQ,2015,9,28,5,GRB,ORD,-8,0
3015,MQ,N825MQ,2015,3,1,1,BTR,DFW,,1
5161,OO,N122SY,2015,7,5,1,DCA,ORD,-2,0
5237,OO,N712SK,2015,10,1,5,MKE,IAH,-3,0
5489,OO,N730SK,2015,5,7,2,ASE,IAH,11,0
6539,OO,N701SK,2015,1,30,5,COS,ORD,1,0
644,B6,N266JB,2015,12,6,7,PBI,EWR,-2,0
4258,EV,N16571,2015,2,24,4,CLT,IAH,2,0
7389,OO,N561SW,2015,1,29,3,RKS,SLC,-10,0
1547,UA,N36444,2015,9,6,6,MCO,IAH,1,0
1236,B6,N346JB,2015,12,22,6,SJU,STT,-11,0
7428,OO,N299SW,2015,4,5,5,PIH,SLC,-7,0
5235,OO,N702SK,2015,3,7,4,IAH,AUS,55,0
474,VX,N525VA,2015,12,11,3,LAX,LAS,-5,0
685,WN,N435WN,2015,8,17,1,BUF,PHX,19,0
573,WN,N364SW,2015,6,25,7,DAL,TUL,1,0
621,WN,N762SW,2015,8,1,7,HOU,ATL,-5,0
670,WN,N284WN,2015,4,26,1,MKE,PHX,1,0
1036,WN,N239WN,2015,4,8,1,STL,MCO,-5,0
1171,UA,N76254,2015,6,27,5,PHL,DEN,9,0
1732,UA,N66831,2015,10,16,1,MIA,IAH,2,0
1736,UA,N76269,2015,8,16,7,CLE,TPA,2,0
1763,UA,N68823,2015,2,23,6,RSW,ORD,-3,0
289,AA,N3FAAA,2015,3,16,7,BOS,ORD,-7,0
1126,AA,N555AA,2015,6,20,6,SMF,DFW,15,0
1108,AA,N3HKAA,2015,7,6,7,DFW,LGA,-10,0
1476,AA,N4XSAA,2015,3,1,5,ICT,DFW,,1
1541,AA,N5DMAA,2015,3,5,2,BOS,MIA,-6,0
1688,AA,N3EUAA,2015,11,26,5,DFW,DCA,7,0
30,AS,N514AS,2015,10,2,6,PDX,BOS,-9,0
482,AS,N433AS,2015,11,30,5,SEA,LAX,12,0
520,AS,N552AS,2015,6,3,1,SEA,BUR,-6,0
743,AS,N797AS,2015,2,15,6,SLC,SFO,16,0
1593,DL,N957DL,2015,4,13,3,MEM,ATL,-4,0
2514,EV,N879AS,2015,10,17,6,DFW,OKC,,1
4287,EV,N16918,2015,4,22,7,MOB,IAH,-4,0
5925,EV,N14953,2015,2,3,3,RIC,ORD,-7,0
45,HA,N592HA,2015,6,6,4,SJC,OGG,-1,0
2803,MQ,N638MQ,2015,4,13,6,CMH,ORD,-5,0
135,NK,N628NK,2015,3,6,7,MSP,MCO,8,0
718,NK,N625NK,2015,6,14,4,DFW,LGA,63,0
4854,OO,N630SK,2015,8,25,3,SUN,SLC,-4,0
4460,OO,N781CA,2015,5,14,4,LWS,SLC,-8,0
4527,OO,N452SW,2015,2,8,4,IDA,SLC,-2,0
5614,OO,N782SK,2015,10,8,6,LAS,LAX,-3,0
6613,OO,N906SW,2015,1,1,3,PSP,PHX,-9,0
1592,UA,N58101,2015,1,26,2,EWR,MCO,44,0
219,VX,N843VA,2015,6,31,7,AUS,SFO,-1,0
501,VX,N629VA,2015,1,5,5,JFK,FLL,-4,0
2868,WN,N8609A,2015,4,14,7,DAL,DCA,-2,0
442,WN,N759GS,2015,9,6,6,DTW,LAS,0,0
446,WN,N618WN,2015,4,14,5,LAS,BOI,-11,0
4657,WN,N410WN,2015,12,10,5,LAS,MDW,-2,0
1768,WN,N907WN,2015,2,30,7,LAS,PHX,-8,0
688,WN,N242WN,2015,7,20,6,MEM,MDW,-4,0
1874,WN,N434WN,2015,7,28,3,MSY,DCA,-1,0
788,WN,N750SA,2015,8,19,5,ABQ,PHX,-1,0
4300,WN,N345SA,2015,3,1,7,PVD,BWI,-4,0
1847,WN,N470WN,2015,6,2,5,PVD,MCO,-3,0
119,WN,N271LV,2015,5,10,4,RSW,ATL,-6,0
336,WN,N490WN,2015,7,12,1,SAN,SEA,-5,0
3133,WN,N7734H,2015,10,21,5,HOU,HRL,2,0
1107,UA,N19117,2015,3,7,3,MCO,EWR,-7,0
1130,UA,N37468,2015,12,26,5,LAX,ORD,-1,0
1218,UA,N87512,2015,1,13,1,SEA,DEN,0,0
1523,UA,N57863,2015,1,8,7,BOS,SFO,9,0
1610,UA,N37427,2015,5,13,5,ORD,MCO,14,0
1620,UA,N24729,2015,7,8,3,ORD,LGA,0,0
1630,UA,N27722,2015,1,26,6,CLE,ORD,-2,0
514,US,N722US,2015,2,8,3,IAH,MIA,-9,0
522,US,N741UW,2015,7,11,3,MCO,DCA,-8,0
540,US,N809AW,2015,11,30,4,PHX,DFW,25,0
15,AA,N783AA,2015,11,23,3,JFK,SFO,-5,0
190,AA,N3FHAA,2015,2,26,1,JFK,ORD,1,0
206,AA,N5BVAA,2015,1,27,6,DFW,MIA,63,0
306,AA,N859AA,2015,10,23,1,LAX,MIA,-1,0
1141,AA,N581AA,2015,11,6,2,STL,DFW,-8,0
1275,AA,N5FSAA,2015,11,28,7,JFK,STT,-5,0
1316,AA,N3FEAA,2015,8,27,4,SNA,DFW,7,0
1326,AA,N3HVAA,2015,4,9,1,TUL,ORD,41,0
1422,AA,N003AA,2015,11,7,6,DFW,HDN,78,0
1081,AA,N3LFAA,2015,4,26,4,IAD,LAX,-1,0
1677,AA,N560AA,2015,8,4,4,DFW,MEM,86,0
2255,AA,N514AA,2015,11,3,2,DFW,RIC,-3,0
2287,AA,N004AA,2015,9,26,7,JAC,DFW,-4,0
2381,AA,N633AA,2015,3,19,5,LAX,MCO,-1,0
2470,AA,N5CAAA,2015,2,24,4,DFW,BOS,-4,0
2428,AA,N5DEAA,2015,10,7,2,LAX,DFW,-3,0
2413,AA,N357AA,2015,7,30,6,DFW,LAX,128,0
1,AS,N523AS,2015,5,8,2,DCA,SEA,-4,0
8,AS,N464AS,2015,8,13,3,SEA,EWR,9,0
23,AS,N305AS,2015,4,16,6,ORD,SEA,-3,0
62,AS,N792AS,2015,1,16,1,ANC,JNU,-12,0
83,AS,N532AS,2015,8,12,2,SEA,ANC,2,0
337,AS,N786AS,2015,11,26,5,SJC,SEA,7,0
493,AS,N794AS,2015,8,1,7,SAN,SEA,-8,0
527,AS,N625AS,2015,7,22,5,SNA,SEA,-12,0
626,AS,N619AS,2015,12,28,7,PDX,LAS,-8,0
637,AS,N756AS,2015,5,23,1,PHX,SEA,-9,0
665,AS,N461AS,2015,5,31,7,DFW,SEA,-5,0
679,AS,N520AS,2015,11,7,1,DEN,SEA,-6,0
690,AS,N303AS,2015,1,17,5,SEA,GEG,-3,0
113,B6,N591JB,2015,4,31,4,HPN,FLL,1,0
287,B6,N793JB,2015,3,9,7,BOS,LAX,-3,0
434,B6,N637JB,2015,4,26,7,SFO,BOS,0,0
617,B6,N203JB,2015,12,22,1,BOS,JFK,-5,0
677,B6,N606JB,2015,10,18,6,JFK,JAX,-8,0
1015,B6,N178JB,2015,7,5,7,JAX,FLL,-10,0
1347,B6,N629JB,2015,10,14,1,DCA,SJU,-6,0
1783,B6,N662JB,2015,10,6,5,JFK,MCO,-1,0
1888,B6,N239JB,2015,1,11,3,MCO,ORH,-3,0
428,DL,N995AT,2015,2,5,4,JFK,TPA,-7,0
786,DL,N369NW,2015,6,19,4,DFW,MSP,58,0
819,DL,N822DN,2015,8,20,5,BOS,MSP,-6,0
873,DL,N303DQ,2015,4,29,5,STT,ATL,-7,0
878,DL,N941DL,2015,10,7,1,OMA,DTW,-1,0
994,DL,N315NB,2015,3,17,1,FLL,LGA,-5,0
1139,DL,N999DN,2015,12,4,6,DCA,ATL,-6,0
1382,DL,N674DL,2015,1,12,2,SJU,ATL,0,0
1465,DL,N928DN,2015,10,28,2,TPA,MSP,-2,0
1969,DL,N958DL,2015,7,21,7,ABQ,ATL,-5,0
1972,DL,N3732J,2015,1,6,1,AUS,JFK,13,0
2030,DL,N332NW,2015,11,3,5,MDW,ATL,38,0
2226,DL,N820DN,2015,7,6,4,ATL,FLL,-1,0
2325,DL,N922AT,2015,7,2,3,LGA,FLL,0,0
2339,DL,N339NW,2015,7,10,7,PBI,LGA,-2,0
2395,DL,N366NW,2015,10,23,1,LGA,PBI,-2,0
2494,DL,N711ZX,2015,10,8,1,JFK,MSP,35,0
2594,DL,N338NW,2015,4,7,2,LGA,DEN,0,0
2611,DL,N623DL,2015,3,16,7,DTW,PBI,-6,0
2655,DL,N968DL,2015,10,5,5,JFK,RSW,-4,0
1616,DL,N964DN,2015,4,14,2,DEN,ATL,0,0
1758,DL,N3753,2015,12,19,4,BZN,ATL,-3,0
1904,DL,N660DL,2015,4,16,1,FLL,DTW,-2,0
1930,DL,N377NW,2015,7,28,4,PHX,MSP,20,0
1511,B6,N597JB,2015,7,6,1,EWR,RSW,-5,0
1586,B6,N517JB,2015,11,31,4,MCO,BUF,-2,0
5086,EV,N759EV,2015,6,22,2,SAV,LGA,-1,0
6070,EV,N17115,2015,8,10,1,XNA,DEN,-4,0
6120,EV,N11565,2015,7,3,1,EWR,SYR,15,0
6016,EV,N11199,2015,3,25,1,BNA,DEN,-9,0
6073,EV,N11119,2015,3,21,6,SAF,DEN,-5,0
657,F9,N933FR,2015,9,12,1,DEN,SFO,-2,0
10,HA,N389HA,2015,4,9,1,HNL,LAX,10,0
35,HA,N589HA,2015,3,2,5,PHX,HNL,-10,0
337,HA,N481HA,2015,1,15,3,KOA,HNL,-6,0
116,HA,N492HA,2015,12,26,5,HNL,OGG,-7,0
2780,MQ,N631MQ,2015,1,19,4,DFW,MKE,,1
2797,MQ,N819MQ,2015,6,29,7,LEX,ORD,-2,0
2912,MQ,N526MQ,2015,7,21,2,STL,LGA,-3,0
2891,MQ,N658MQ,2015,9,6,1,PIA,ORD,-5,0
3065,MQ,N908MQ,2015,3,30,4,DFW,GSO,,1
3154,MQ,N625MQ,2015,11,25,4,DFW,VPS,,1
3320,MQ,N649MQ,2015,1,17,6,DFW,LAW,,1
3389,MQ,N607MQ,2015,10,21,5,XNA,DFW,,1
4316,EV,N13965,2015,3,4,4,SAV,IAH,1,0
218,NK,N622NK,2015,4,16,4,FLL,ACY,15,0
858,NK,N515NK,2015,6,1,3,SAN,IAH,-8,0
5298,OO,N941SW,2015,2,28,2,MKE,ORD,-10,0
6283,OO,N986CA,2015,10,7,1,PSP,SFO,180,0
6240,OO,N127SY,2015,12,6,2,MCI,SFO,-2,0
3497,OO,N216AG,2015,2,11,3,COS,SEA,-2,0
3499,OO,N225AG,2015,2,3,2,SLC,PDX,30,0
2583,OO,N492SW,2015,1,25,7,LAX,SAN,-4,0
5556,OO,N768SK,2015,9,3,5,ORD,DCA,0,0
6464,OO,N983CA,2015,5,20,7,COS,SFO,-4,0
6580,OO,N821AS,2015,6,19,1,YUM,PHX,89,0
6615,OO,N907SW,2015,7,7,1,FLG,PHX,,1
6487,OO,N295SW,2015,2,25,5,SBA,SFO,-2,0
6521,OO,N874AS,2015,7,29,4,DEN,SAN,59,0
559,UA,N805UA,2015,4,16,6,DCA,IAH,-3,0
562,NK,N510NK,2015,4,17,6,LAS,DEN,-5,0
1235,UA,N78501,2015,12,26,6,IAD,SFO,26,0
1492,UA,N37408,2015,2,14,1,MCO,ORD,3,0
1596,UA,N76502,2015,10,11,5,SFO,DEN,3,0
219,B6,N284JB,2015,11,14,7,JFK,CLT,-2,0
6394,OO,N916SW,2015,9,6,7,FCA,DEN,-5,0